{
    "1": [
        81,
        318,
        325,
        368,
        401,
        459
    ],
    "2": [
        13,
        108,
        123,
        126,
        134,
        166,
        170,
        185,
        200,
        506,
        568,
        571,
        661,
        662,
        692,
        710,
        721,
        723,
        725,
        830,
        1152,
        1189,
        1196,
        1226,
        1230,
        1278,
        1279,
        1281,
        1282,
        1293,
        1294,
        1356,
        1368,
        1421,
        1485,
        1520,
        1800
    ],
    "3": [
        64,
        83,
        252,
        253,
        275,
        285,
        337
    ],
    "4": [
        229,
        273,
        278,
        331,
        332,
        339,
        340,
        342,
        413,
        437
    ],
    "5": [
        9,
        57,
        60,
        62,
        65,
        101,
        103,
        107,
        118,
        219,
        224,
        253,
        443,
        519,
        533,
        538,
        638,
        640,
        641,
        653,
        668,
        672,
        675,
        678,
        717,
        830,
        992,
        1018,
        1037,
        1169,
        1260,
        1314,
        1469,
        1713
    ],
    "6": [
        198
    ],
    "7": [
        1,
        14,
        19,
        160,
        261,
        358,
        393,
        400,
        402,
        415,
        416,
        462,
        471,
        478,
        481,
        482,
        486,
        491,
        501,
        507
    ],
    "8": [
        29,
        42,
        44,
        58,
        59,
        77,
        93,
        230,
        246,
        247,
        255,
        357,
        366,
        372,
        387,
        610,
        611,
        613,
        670,
        879,
        881,
        882,
        883,
        895,
        896,
        911,
        920,
        972,
        1025,
        1037,
        1038,
        1040,
        1133,
        1141,
        1176,
        1206,
        1207,
        1208,
        1220,
        1233,
        1234,
        1236,
        1240,
        1241,
        1251,
        1253,
        1259,
        1262,
        1263,
        1349,
        1365,
        1366,
        1373,
        1752,
        1941,
        2198,
        2210,
        2284,
        2285,
        2372,
        2373,
        2377,
        2468,
        2474,
        2494,
        2496,
        2497,
        2506,
        2526,
        2536,
        2551,
        2553,
        2556,
        2577,
        2596,
        2598,
        2610
    ],
    "9": [
        767,
        3096,
        3485,
        3588,
        3600,
        3602,
        3768,
        3951,
        4154,
        4943,
        4946,
        4988,
        4991,
        5011,
        5095,
        5097,
        5501,
        5552
    ],
    "10": [
        11,
        18,
        36,
        45,
        88,
        92,
        93,
        110,
        367,
        406,
        421,
        447,
        647,
        648,
        650,
        660,
        665,
        677,
        766,
        775,
        777,
        859,
        896,
        900,
        903,
        918,
        920,
        921,
        925,
        929,
        931,
        938,
        941,
        944,
        1056,
        1057,
        1059,
        1073,
        1085,
        1091,
        1101,
        1105,
        1113,
        1119,
        1123,
        1142,
        1153,
        1155,
        1185,
        1186,
        1189,
        1196,
        1216,
        1223,
        1252,
        1270,
        1303,
        1305,
        1332,
        1343,
        1345,
        1348,
        1351
    ],
    "11": [
        89,
        347,
        492,
        562,
        730,
        878,
        1078,
        1392,
        1477,
        1496,
        1500,
        1632,
        2565,
        2788,
        2790
    ],
    "12": [
        96,
        303,
        368,
        410,
        451,
        452,
        476,
        479,
        487,
        499,
        520,
        525,
        536,
        543,
        544,
        545,
        558,
        574,
        601,
        617,
        618,
        625,
        629,
        643,
        760,
        812,
        816,
        938,
        948,
        1066,
        1073,
        1085,
        1321,
        1363,
        1365,
        1366,
        1371,
        1373,
        1378,
        1385,
        1391,
        1581,
        1623,
        1634,
        1783,
        1853,
        1854,
        1858,
        1862,
        1868,
        1891,
        1904,
        1905,
        1919,
        1923,
        1943,
        1987,
        1992,
        2051,
        2082,
        2085,
        2107,
        2112,
        2126,
        2164,
        2315,
        2346,
        2349,
        2351,
        2360,
        2367,
        2410,
        2417,
        2459,
        2462,
        2465,
        2467,
        2470,
        2538,
        2539,
        2552,
        2581,
        2677,
        2714,
        2742,
        2745,
        2756
    ],
    "13": [
        50,
        114,
        239,
        344,
        619,
        623,
        624,
        701,
        706,
        725,
        739,
        787,
        792,
        794,
        960,
        1196,
        1349,
        1471,
        1536,
        1630,
        1645,
        1648,
        1652,
        1665,
        1666,
        1671,
        1672,
        1677,
        1685,
        1690,
        1705
    ],
    "14": [
        9,
        83,
        170,
        324,
        458,
        517,
        550,
        568,
        1555,
        1573,
        1598,
        1671,
        1675,
        1727,
        1748,
        1750,
        1763,
        1783,
        1802,
        1911,
        1941,
        1948,
        2003,
        2006,
        2013,
        2024,
        2059,
        2063,
        2067,
        2071,
        2072,
        2073,
        2093,
        2106,
        2109,
        2140,
        2143,
        2175,
        2183,
        2242,
        2250,
        2261,
        2262,
        2353,
        2354,
        2360,
        2361,
        2391,
        2396,
        2400,
        2439,
        2445,
        2447,
        2462,
        2465,
        2469,
        2472,
        2486,
        2558,
        2563,
        2613,
        2632,
        2720,
        2721,
        2729,
        2822,
        2824,
        2866,
        2872,
        2880,
        2915,
        2976,
        3024,
        3030,
        3099,
        3116,
        3154,
        3214,
        3215
    ],
    "15": [
        37,
        39,
        58,
        72,
        95,
        135,
        138,
        247,
        307,
        499,
        662,
        665,
        670,
        694,
        698,
        707,
        826,
        1145,
        1276,
        1728,
        1822,
        1956,
        1959,
        1963,
        2025,
        2027,
        2028,
        2036,
        2195,
        2232,
        2429,
        2459,
        2460,
        2464,
        2470,
        2538,
        2549,
        2551,
        2552,
        2667,
        2717,
        2718,
        2722,
        3005,
        3038,
        3752,
        3833,
        3866,
        3886,
        3919,
        3943,
        3947,
        4007,
        4028,
        4037,
        4059,
        4089,
        4111,
        4121,
        4141,
        4241,
        4376,
        4426,
        4433,
        4553,
        4586,
        4601,
        4602,
        4611,
        4612,
        4614,
        4616,
        4629,
        4648,
        4652,
        4654
    ],
    "16": [
        1,
        2,
        3,
        21,
        243,
        253,
        324,
        415,
        507,
        553,
        554,
        555,
        556,
        620,
        663,
        1192,
        1262,
        1265,
        1267,
        1476,
        1572,
        1838,
        1976,
        2016,
        2070,
        2073,
        2103,
        2143,
        2238,
        2312,
        2416,
        2528
    ],
    "17": [
        55,
        209,
        465,
        501,
        601,
        644,
        653,
        783,
        844,
        887
    ],
    "18": [
        2,
        42,
        73,
        90,
        259,
        363,
        371,
        379,
        397,
        434,
        479,
        608,
        609,
        611,
        633,
        634,
        711,
        737,
        758,
        760,
        804,
        967
    ],
    "19": [
        18,
        54,
        56,
        58,
        60,
        64,
        65,
        66,
        67,
        107,
        145,
        146,
        150,
        183,
        191,
        227,
        235,
        252,
        297,
        353,
        371,
        424,
        427,
        441,
        469,
        493,
        510,
        511,
        525,
        568,
        590,
        605,
        620,
        623,
        647,
        648,
        652,
        804,
        836,
        844,
        845,
        923,
        974,
        1142,
        1170,
        1171,
        1172,
        1179,
        1185,
        1190,
        1199,
        1200,
        1265
    ],
    "20": [
        37,
        216,
        228,
        237,
        290,
        409,
        410,
        416,
        432,
        470,
        482,
        543,
        618,
        639,
        669,
        673,
        818,
        830,
        884,
        919,
        1054,
        1058,
        1063,
        1275,
        1290,
        1341,
        1403,
        1498,
        1520,
        1521,
        1528,
        1684,
        1686,
        1695,
        1726,
        1728,
        1785,
        1786,
        1822,
        1829,
        1845,
        1848,
        1927,
        2036,
        2201,
        2365
    ],
    "21": [
        15,
        34,
        91,
        96,
        145,
        146,
        282,
        317,
        324,
        345,
        348,
        353,
        369,
        430,
        468,
        475,
        493,
        494,
        535,
        565,
        598,
        600,
        642,
        658,
        690,
        715,
        719,
        764,
        768,
        794,
        813,
        821,
        849,
        852,
        876,
        897,
        899,
        923,
        1128,
        1250,
        1253,
        1260,
        1266,
        1318,
        1407,
        1483,
        1493,
        1560,
        1596,
        1606,
        1650,
        1654,
        1664,
        1665,
        1766,
        1789,
        1834,
        1926,
        2009,
        2011,
        2017,
        2188,
        2189,
        2272,
        2286,
        2293,
        2343,
        2345,
        2360,
        2388,
        2394,
        2395,
        2398,
        2419,
        2435
    ],
    "22": [
        19,
        50,
        51,
        89,
        93,
        100,
        115,
        126,
        128,
        201,
        273,
        276,
        278,
        517,
        541,
        551,
        566,
        586,
        617,
        623
    ],
    "23": [
        12,
        17,
        171,
        172,
        175,
        180,
        205,
        208,
        209,
        212,
        213,
        236,
        249,
        261,
        290,
        396,
        491,
        578,
        875,
        924
    ],
    "24": [
        62,
        66,
        67,
        74,
        75,
        76,
        146,
        159,
        166,
        168,
        176,
        456,
        595,
        669,
        708,
        719,
        972,
        975,
        1107,
        1122,
        1157,
        1197,
        1199,
        1209,
        1436,
        1518,
        1529,
        1535,
        1592,
        1594,
        1789
    ],
    "25": [
        1,
        24,
        25,
        39,
        43,
        49,
        81,
        83,
        84,
        86,
        87,
        103,
        142,
        164,
        376,
        469,
        497,
        528,
        591,
        602,
        608,
        612,
        626,
        684,
        689,
        693,
        809,
        855,
        903,
        943,
        958,
        962,
        969,
        974,
        1525,
        1529,
        1530,
        1602,
        1705,
        1717,
        1739,
        1747,
        1760,
        1819,
        1848,
        1899,
        1947,
        1950,
        1964,
        1968,
        1975,
        2038,
        2580,
        2650,
        2672,
        2808,
        2952,
        2972,
        2980,
        2981,
        2998,
        3011,
        3013,
        3019,
        3030,
        3033,
        3036,
        3038,
        3045,
        3049,
        3056,
        3064,
        3073,
        3078,
        3085,
        3110,
        3112,
        3118,
        3160,
        3197,
        3198,
        3261,
        3264,
        3266,
        3364,
        3369,
        3375,
        3376,
        3378,
        3380,
        3381,
        3388,
        3389,
        3438,
        3440,
        3444,
        3445,
        3449,
        3454,
        3460,
        3462,
        3463,
        3477,
        3495,
        3574,
        3630,
        3769
    ],
    "26": [
        29,
        50,
        53,
        90,
        91,
        118,
        120,
        148,
        227,
        237,
        241,
        242,
        244,
        271,
        276,
        280,
        282,
        318,
        580,
        583,
        585,
        594,
        596,
        613,
        617,
        651,
        808,
        1022,
        1023,
        1077,
        1119,
        1312
    ],
    "27": [
        26,
        449,
        450,
        511,
        555,
        974,
        983
    ],
    "28": [
        76,
        140,
        141,
        260,
        263,
        307,
        361,
        379,
        392,
        535,
        547,
        627,
        741,
        815,
        879,
        903,
        995,
        1066,
        1077,
        1093,
        1111,
        1126,
        1138,
        1266,
        1267,
        1273
    ],
    "29": [
        47,
        99,
        166,
        332,
        333,
        336,
        527,
        528
    ],
    "30": [
        586,
        632,
        792,
        817,
        818,
        819,
        892,
        906,
        907,
        908,
        915,
        919,
        1207,
        1283,
        1343,
        1523,
        1525,
        1715,
        1781,
        1830,
        1905,
        2350,
        2392,
        2431,
        2452,
        2489,
        2526,
        2659,
        2674,
        2768,
        2890,
        2936,
        3365,
        3366,
        3367,
        3385,
        3675,
        3678,
        3698,
        3706,
        3707,
        3712,
        3730,
        3891,
        3992,
        4034,
        4043,
        4056,
        4158,
        4229,
        4495,
        4496,
        4616,
        4726
    ],
    "31": [
        19,
        204,
        206,
        223,
        474,
        645,
        652,
        731,
        733,
        751,
        823,
        991,
        1004,
        1016
    ],
    "32": [
        11,
        12,
        25,
        88,
        90,
        97,
        100,
        101,
        102,
        287,
        301,
        319,
        323,
        328,
        329,
        337,
        342,
        348,
        355,
        367,
        368,
        376,
        385,
        431,
        432,
        434,
        544,
        550,
        561,
        585,
        592,
        595,
        598,
        661,
        693,
        702,
        705,
        706,
        707,
        759,
        760,
        807,
        818,
        830,
        833,
        848,
        852,
        855,
        858,
        864,
        882,
        910,
        912,
        922,
        930,
        932,
        935,
        939,
        943,
        944,
        959,
        985,
        988,
        989,
        992,
        1006,
        1010,
        1011,
        1015,
        1074,
        1077,
        1168,
        1173,
        1188,
        1215,
        1254,
        1332,
        1374,
        1376,
        1379,
        1382,
        1408,
        1410,
        1424,
        1426,
        1441,
        1445,
        1446,
        1449,
        1451,
        1458,
        1459,
        1464,
        1469,
        1516,
        1548,
        1556,
        1572,
        1574,
        1581,
        1583,
        1592,
        1649,
        1651,
        1657,
        1729,
        1741,
        1747,
        1754,
        1756,
        1765,
        1766,
        1767
    ]
}