﻿domicilio,ubicacion,referencia,name,alias,entidad,longitud,latitud,nombreEntidad
"AVENIDA AGUASCALIENTES ORIENTE, SIN NÚMERO, COLONIA EJIDO OJOCALIENTE, 20190, AGUASCALIENTES, AGUASCALIENTES",ESTACIÓN DE BOMBEROS,ENTRE PUENTE DE ALVARADO  Y AVENIDA TECNOLÓGICO,S1,Especial 1,1,-102.256193237,21.875532845,Aguascalientes
"AVENIDA DE LA CONVENCIÓN DE 1914 SUR, NÚMERO 408, FRACCIONAMIENTO LAS AMÉRICAS, 20230, AGUASCALIENTES, AGUASCALIENTES",CENTRAL DE ÓMNIBUS EN AGUASCALIENTES,ENTRE CALLE QUINTA AVENIDA Y CALLE REPÚBLICA DE BRASIL,S2,Especial 2,1,-102.298926129,21.865877385,Aguascalientes
"AVENIDA JUAREZ, NÚMERO 412, COLONIA CENTRO,20300, SAN FRANCISCO DE LOS ROMO, AGUASCALIENTES",JARDIN DE NIÑOS MARÍA LUISA VILLA DE GARCÍA ROJAS,RETORNO CARRETERA AGSZAC Y JOSE MARIA MORELOS,S3,Especial 3,1,-102.272574758,22.083958521,Aguascalientes
"CARRETERA TRANSPENINSULAR, NÚMERO 6500, EX EJIDO CHAPULTEPEC, CÓDIGO POSTAL 22785, ENSENADA, BAJA CALIFORNIA",CENTRO DE GOBIERNO,A UN COSTADO DE PALACIO MUNICIPAL,S1,Especial 1,2,-116.59466588,31.808960466,Baja California
"CALZADA ADOLFO LÓPEZ MATEOS, SIN NÚMERO, CONJUNTO HABITACIONAL CALISSS, CÓDIGO POSTAL 21010, MEXICALI, BAJA CALIFORNIA",TEATRO DEL ESTADO,ESQUINA CON CALLE MILTON CASTELLANOS,S2,Especial 2,2,-115.474754,32.65468,Baja California
"CALLE NOVENA, NÚMERO 1199, COLONIA PLUTARCO ELÍAS CALLES, CÓDIGO POSTAL 21376, MEXICALI, BAJA CALIFORNIA",UNIVERSIDAD XOCHICALCO CAMPUS MEXICALI,ENTRE  CALLE PRINCIPAL DE FRACCIONAMIENTO SEGOVIA Y CALLE ABADEZ,S3,Especial 3,2,-115.37893,32.6481,Baja California
"BOULEVARD AGUA CALIENTE, SIN NÚMERO, COLONIA MORELOS, CÓDIGO POSTAL 22056, TIJUANA, BAJA CALIFORNIA",TORRE AGUA CALIENTE PLAZA CÍVICA,ESQUINA BOULEVARD FUNDADORES,S4,Especial 4,2,-117.033031,32.522489,Baja California
"CARRETERA AEROPUERTO, SIN NÚMERO, COLONIA NUEVA TIJUANA, CÓDIGO POSTAL 22435, TIJUANA, BAJA CALIFORNIA",AEROPUERTO INTERNACIONAL DE TIJUANA ABELARDO L RODRÍGUEZ,FRENTE AL MÓDULO DEL INSTITUTO NACIONAL DE MIGRACIÓN,S5,Especial 5,2,-116.977700777,32.546162011,Baja California
"CALLE PLAN DE SAN LUIS, NÚMERO 300, COLONIA REFORMA, CÓDIGO POSTAL 22710, PLAYAS DE ROSARITO, BAJA CALIFORNIA",CENTRO COMERCIAL PABELLÓN ROSARITO,ENTRE AVENIDA MELCHOR OCAMPO Y AVENIDA GENERAL EMILIANO ZAPATA,S6,Especial 6,2,-117.060943527,32.372334327,Baja California
"CORREDOR TIJUANA ROSARITO  BOULEVARD 2000, NÚMERO 26135, EJIDO FRANCISCO VILLA, CÓDIGO POSTAL 22235, TIJUANA, BAJA CALIFORNIA",PLAZA PASEO 2000,ENTRE BOULEVARD CASA BLANCA Y AVENIDA LÁZARO CÁRDENAS,S7,Especial 7,2,-116.850751,32.489657,Baja California
"BOULEVARD DE LOS INSURGENTES, NÚMERO 8902, FRACCIONAMIENTO EL FLORIDO PRIMERA SECCIÓN, CÓDIGO POSTAL 22224, TIJUANA, BAJA CALIFORNIA",ESTACIONAMIENTO PLAZA GRAN FLORIDO,ESQUINA CON BOULEVARD EL REFUGIO,S8,Especial 8,2,-116.894878596,32.45878541,Baja California
"BOULEVARD FORJADORES DE SUDCALIFORNIA, NÚMERO 4720, COLONIA TECNOLÓGICO, LA PAZ, CÓDIGO POSTAL 23050, LA PAZ, BAJA CALIFORNIA SUR",INSTITUTO TECNOLÓGICO DE LA PAZ,FRENTE A UNIDAD HABITACIONAL DE LA FUERZA AÉREA,S1,Especial 1,3,-110.310749,24.11976,Baja California Sur
"AVENIDA CONSTITUYENTES, SIN NÚMERO, ENTRE BOULEVARD MIGUEL HIDALGO Y CALLE PROF LUCAS MANRÍQUEZ, COLONIA MAGISTERIAL, CÓDIGO POSTAL 23477, CABO SAN LUCAS, LOS CABOS, BAJA CALIFORNIA SUR",AUDITORIO MUNICIPAL DE CABO SAN LUCAS,A UN LADO DE LA SUB COMANDANCIA DE TRÁNSITO MUNICIPAL,S2,Especial 2,3,-109.928985173,22.897703332,Baja California Sur
"CALLE 67 C, SIN NÚMERO, BARRIO DE SAN ROMÁN, SAN FRANCISCO DE CAMPECHE, CÓDIGO POSTAL 24040, CAMPECHE, CAMPECHE",PRESIDENTE ADOLFO LÓPEZ MATEOS,"ENTRE CALLE 12 Y CIRCUITO BALUARTES, A UN COSTADO DE LA CONCHA ACÚSTICA",S1,Especial 1,4,-90.541068,19.84236,Campeche
"CALLE 56, SIN NÚMERO, COLONIA BURÓCRATAS, CÓDIGO POSTAL 24160, CIUDAD DEL CARMEN, CAMPECHE",ESCUELA SECUNDARIA TÉCNICA NÚMERO 25,ENTRE LA AVENIDA JUÁREZ Y ENFRENTE DEL HOSPITAL DEL ISSSTE Y CRUZ ROJA,S2,Especial 2,4,-91.82162801,18.647266791,Campeche
"BULEVAR HAROLD R PAPE, NÚMERO 1609, COLONIA SAN FRANCISCO, MONCLOVA, CÓDIGO POSTAL 25720",CENTRO DE CAPACITACIÓN # 9,ESQUINA CON BOULEVARD EJERCITO MEXICANO,S1,Especial 1,5,-101.424721625,26.920948288,Coahuila de Zaragoza
"LIBRAMIENTO MANUEL PEREZ TREVIÑO, SIN NÚMERO, COLONIA TECNOLÓGICO, CÓDIGO POSTAL 26080, PIEDRAS NEGRAS, COAHUILA",PLAZA INOVA PIEDRAS NEGRAS,ESQUINA CON CALLE PASEO DE LAS ARTES,S2,Especial 2,5,-100.558236778,28.686672354,Coahuila de Zaragoza
"BOULEVARD VENUSTIANO CARRANZA NÚMERO 5596, COLONIA RANCHO DE PEÑA, CÓDIGO POSTAL 25256, SALTILLO, COAHUILA","CENTRAL DE AUTOBUSES, SUCURSAL NORTE",ENTRE CALLE REAL DEL MONTE Y CALLE CAMINO REAL,S3,Especial 3,5,-100.97634,25.473372,Coahuila de Zaragoza
"PERIFÉRICO LUIS ECHEVERRÍA, SIN NÚMERO, COLONIA BELLAVISTA, CÓDIGO POSTAL 25060, SALTILLO, COAHUILA",CENTRAL DE AUTOBUSES DE SALTILLO,ENTRE CALLE LIBERTAD Y CALLE REFORMA,S4,Especial 4,5,-101.008021738,25.397198249,Coahuila de Zaragoza
"CALLE VALDEZ, NÚMERO 17, COLONIA ZONA CENTRO, CÓDIGO POSTAL 27800, SAN PEDRO, COAHUILA",CENTRAL DE AUTOBUSES FLECHA BLANCA SA,ENTRE CALLE HIDALGO Y CALLE MORELOS,S5,Especial 5,5,-102.97859789,25.759121586,Coahuila de Zaragoza
"BOULEVARD REVOLUCIÓN, NÚMERO 590 ORIENTE, COLONIA LUIS ECHEVERRÍA, CÓDIGO POSTAL 27000, TORREÓN, COAHUILA",COORDINACIÓN DE LA UNIVERSIDAD AUTÓNOMA DE COAHUILA,ESQUINA CON CALLE COMONFORT,S6,Especial 6,5,-103.442596,25.535484,Coahuila de Zaragoza
"BOULEVARD PEDRO RODRÍGUEZ TRIANA, NÚMERO 747, COLONIA PARQUE INDUSTRIAL ORIENTE, CÓDIGO POSTAL 27277, TORREÓN, COAHUILA","UNIVERSIDAD VIZCAYA DE LAS ÁMERICAS, CAMPUS TORREÓN",ENTRE CALLE AGROINDUSTRIAL Y BOULEVARD TORREÓN MATAMOROS,S7,Especial 7,5,-103.375596829,25.530795545,Coahuila de Zaragoza
"KILÓMETRO 3, CARRETERA LIBRAMIENTO GUADALAJARA A MANZANILLO, COLONIA SANTA AMALIA, COLIMA, CÓDIGO POSTAL 28048, COLIMA, COLIMA","CENTRAL DE AUTOBUSES DE COLIMA, SA DE CV","ENTRE LA CALLE LEONARDO B GUTIÉRREZ Y LA AVENIDA ACAPULCO, PASANDO EL PUENTE A DESNIVEL",S1,Especial 1,6,-103.704215887,19.23291766,Colima
"BOULEVARD MIGUEL DE LA MADRID HURTADO # 1580, FRACCIONAMIENTO SOLEARES, SALAGUA, CÓDIGO POSTAL 28869, MANZANILLO, COLIMA","ORGANIZACION SORIANA, SAB DE CV",ENTRE AVENIDA PASEO DE LAS GAVIOTAS Y CALLE PALOMA,S2,Especial 2,6,-104.327298433,19.103288307,Colima
"CALLE CENTRAL NORTE, SIN NÚMERO, BARRIO SAN SEBASTIÁN, CÓDIGO POSTAL 29130, BERRIOZÁBAL, CHIAPAS",KIOSKO DEL PARQUE CENTRAL,A 150 METROS DEL MERCADO PÚBLICO PRIMERO DE MAYO,S1,Especial 1,7,-93.272601,16.799882,Chiapas
"SEGUNDA AVENIDA SUR ORIENTE, SIN NÚMERO, COLONIA ORIZABA, CÓDIGO POSTAL 29770, BOCHIL, CHIAPAS",DOMO DE LA CANCHA DE BÁSQUETBOL,ESQUINA CON QUINTA ORIENTE,S2,Especial 2,7,-92.885265114,16.994219734,Chiapas
"TRAMO CARRETERO EL VERGEL AEROPUERTO KILÓMETRO 1248, SIN NÚMERO, EJIDO FRANCISCO SARABIA, CÓDIGO POSTAL 29176, CHIAPA DE CORZO, CHIAPAS",AEROPUERTO ÁNGEL ALBINO CORZO,ÁREA DE ESPERA DE LLEGADA,S3,Especial 3,7,-93.019544,16.560918,Chiapas
"AVENIDA CALZADA JUÁREZ Y CALLE 5 DE MAYO, BARRIO ESQUIPULAS, HUEHUETÁN ESTACIÓN, CÓDIGO POSTAL 30670, HUEHUETÁN, CHIAPAS",DOMO DE LA LOCALIDAD,EN EL PARQUE CENTRAL DE LA LOCALIDAD,S4,Especial 4,7,-92.403227069,15.011665782,Chiapas
"PRIMERA CALLE SUR ORIENTE, SIN NÚMERO, BARRIO CENTRO, CÓDIGO POSTAL 30187, LAS MARGARITAS, CHIAPAS",SALÓN SOCIOCULTURAL,A UN COSTADO DEL AYUNTAMIENTO MUNICIPAL,S5,Especial 5,7,-91.98126732,16.315910103,Chiapas
"AVENIDA CENTRAL, SIN NÚMERO, BARRIO CENTRO, CÓDIGO POSTAL 29950, OCOSINGO, CHIAPAS",CORREDOR DE LA PRESIDENCIA MUNICIPAL,SE UBICA JUNTO A LA PRESIDENCIA MUNICIPAL,S6,Especial 6,7,-92.09701,16.90847,Chiapas
"AVENIDA HIDALGO, SIN NÚMERO, COLONIA CENTRO, CÓDIGO POSTAL 29960, PALENQUE, CHIAPAS",PARQUE CENTRAL,FRENTE AL PALACIO MUNICIPAL,S7,Especial 7,7,-91.980951172,17.509237891,Chiapas
"PLAZA 31 DE MARZO, SIN NÚMERO, CENTRO, CÓDIGO POSTAL 29200, SAN CRISTÓBAL DE LAS CASAS, CHIAPAS",PLAZA 31 DE MARZO,A UN COSTADO DE LA CATEDRAL,S8,Especial 8,7,-92.638000787,16.737004448,Chiapas
"AVENIDA CENTRAL SUR, SIN NÚMERO, COLONIA CENTRO, CÓDIGO POSTAL 30700, TAPACHULA, CHIAPAS",PÉRGOLA DEL PARQUE BICENTENARIO,ENTRE CALLES CENTRAL Y SEGUNDA ORIENTE,S9,Especial 9,7,-92.263537623,14.90536999,Chiapas
"AVENIDA HIDALGO, SIN NÚMERO, BARRIO LAS ÁNIMAS, MANZANA 27, CÓDIGO POSTAL 30500, TONALÁ, CHIAPAS",EN LA AVENIDA SOBRE LA ENTRADA A LAS INSTALACIONES DEL DESARROLLO INTEGRAL DE LA FAMILIA,ENTRE LAS CALLES 12 DE OCTUBRE Y EMILIANO ZAPATA,S10,Especial 10,7,-93.758603609,16.093438732,Chiapas
"BOULEVARD BELISARIO DOMÍNGUEZ KILÓMETRO 1075, SIN NÚMERO, FRACCIONAMIENTO BUGAMBILIAS, CÓDIGO POSTAL 29056, TUXTLA GUTIÉRREZ, CHIAPAS",UNIVERSIDAD VALLE DEL GRIJALVA,ENTRE CERRADA BUGAMBILIA Y BOULEVARD CIRO FARRERA,S11,Especial 11,7,-93.148245514,16.754981156,Chiapas
"CALLE SEPTIMA PONIENTE SUR, SIN NÚMERO, BARRIO SAN MARTÍN, CÓDIGO POSTAL 30479, VILLAFLORES, CHIAPAS",ESCUELA PRIMARIA FRANCISCO INDALECIO MADERO TURNO MATUTINO; IGNACIO RAMÍREZ CALZADA TURNO VESPERTINO,ENTRE AVENIDA CENTRAL Y PRIMERA SUR,S12,Especial 12,7,-93.27269384,16.23133434,Chiapas
"BOULEVARD BELISARIO DOMÍNGUEZ, SIN NÚMERO, BARRIO CUMPATÁ, CÓDIGO POSTAL 30090, COMITÁN DE DOMÍNGUEZ, CHIAPAS",ESCUELA PREPARATORIA COMITÁN,FRENTE AL ESTADIO MUNICIPAL ROBERTO ORTÍZ SOLÍS,S13,Especial 13,7,-92.134131881,16.234149682,Chiapas
"KILÓMETRO 2 CARRETERA A ANÁHUAC, SIN NÚMERO, PARQUE INDUSTRIAL, CÓDIGO POSTAL 31543, CUAUHTÉMOC, CHIHUAHUA",UNIVERSIDAD REGIONAL DEL NORTE,A UN COSTADO DEL POLIFORO CUAUHTÉMOC,S1,Especial 1,8,-106.826774,28.437897,Chihuahua
"CALLE 42 Y SÁNCHEZ ÁLVAREZ, NÚMERO 815, COLONIA INALÁMBRICA, CÓDIGO POSTAL 31440, CHIHUAHUA, CHIHUAHUA",ESCUELA SECUNDARIA ESTATAL NÚMERO 3025,ENTRE CALLES FLORES MAGÓN Y AVENIDA ZARCO,S2,Especial 2,8,-106.089806,28.613403,Chihuahua
"CALLE MARÍA ELENA HERNÁNDEZ Y CALLE BELISARIO DOMÍNGUEZ, SIN NÚMERO, COLONIA REVOLUCIÓN, CÓDIGO POSTAL 31135, CHIHUAHUA, CHIHUAHUA",COLEGIO NACIONAL DE EDUCACIÓN PROFESIONAL TÉCNICA DEL ESTADO DE CHIHUAHUA II  CONALEP,ENTRE LAS CALLES HERMANOS FLORES MAGÓN Y CALLE  2 DE OCTUBRE,S3,Especial 3,8,-106.110843977,28.6950546,Chihuahua
"CALLE ALDAMA Y AVENIDA NICÓLAS BRAVO, SIN NÚMERO, INFONAVIT CIELO VISTA, CÓDIGO POSTAL 33019, DELICIAS, CHIHUAHUA",ESCUELA PRIMARIA FEDERAL JOSÉ CLEMENTE OROZCO,ENTRE AVENIDA NICOLÁS BRAVO Y AVENIDA ALLENDE,S4,Especial 4,8,-105.447635565,28.184555582,Chihuahua
"SALVADOR ALLENDE Y AVENIDA  ESPERANZA, SIN NÚMERO, CÓDIGO POSTAL 33820, PALMILLA, HIDALGO DEL PARRAL, CHIHUAHUA",ESCUELA UNIVERSIDAD PEDAGÓGICA NACIONAL,A ESPALDAS DEL MERCADO DE ABASTOS,S5,Especial 5,8,-105.70773492,26.939870985,Chihuahua
"CALLE LORETO, NÚMERO 3527, COLONIA AMPLIACIÓN FRONTERIZA, CÓDIGO POSTAL 32210, JUÁREZ, CHIHUAHUA",POLIDEPORTIVO LA MONTADA,ESQUINA CON CALLE CERDEÑA A ESPALDAS DEL CENTRO COMUNITARIO LA MONTADA,S6,Especial 6,8,-106.537212735,31.724781546,Chihuahua
"AVENIDA TECNOLÓGICO, NUMERO 4450, COLONIA PARTIDO IGLESIAS, CODIGO POSTAL 32000, JUAREZ, CHIHUAHUA",PARQUE CENTRAL,ENTRE BOULEVARD TEÓFILO BORUNDA Y DON PEDRO MENESES HOYOS,S7,Especial 7,8,-106.427371346,31.689996699,Chihuahua
"BOULEVARD ZARAGOZA NÚMERO 589, COLONIA DESARROLLO SALVÁRCAR, CÓDIGO POSTAL 32574, JUÁREZ, CHIHUAHUA",MÓDULO DEL INE,ENTRE CALLES VALLE DE LOS CEDROS Y OAXACA,S8,Especial 8,8,-106.383930445,31.646335106,Chihuahua
"AVENIDA UNIVERSIDAD, NÚMERO 3051, COLONIA LOTE BRAVO 11, CIUDAD JUÁREZ, CÓDIGO POSTAL 32576, JUÁREZ, CHIHUAHUA",UNIVERSIDAD TECNOLÓGICA DE CIUDAD JUÁREZ,ENTRE AVENIDA DE LAS TORRES Y  CALLE YEPÓMERA,S9,Especial 9,8,-106.406064056,31.599464006,Chihuahua
"CALLE JERUSALÉN, ESQUINA AVENIDA AZCAPOTZALCO, COLONIA CENTRO DE AZCAPOTZALCO, CÓDIGO POSTAL 02000",VIDEOTECA MANUEL ÁLVAREZ BRAVO,ENTRE AVENIDA  22 DE FEBRERO Y AVENIDA AZCAPOTZALCO,S1,Especial 1,9,-99.185261241,19.48388593,Ciudad de México
"CALLE ANACAHUITA SIN NÚMERO, COLONIA PEDREGAL DE SANTO DOMINGO, CÓDIGO POSTAL 04369, ALCALDÍA COYOACÁN, CIUDAD DE MÉXICO",CENTRO DE DESARROLLO COMUNITARIO FAMILIA JUÁREZ MAZA,ENTRE OCOXAL Y AVENIDA ESCUINAPA,S2,Especial 2,9,-99.171359533,19.33131825,Ciudad de México
"PRIMERA CERRADA DE LA VENTA, # 8, COLONIA LA VENTA, CÓDIGO POSTAL 05520, CUAJIMALPA DE MORELOS, CIUDAD DE MÉXICO",DOMICILIO PARTICULAR,ENTRE CAMINO AL DESIERTO DE LOS LEONES Y AUTOPISTA MÉXICO TOLUCA,S3,Especial 3,9,-99.310542923,19.334211986,Ciudad de México
"CALLE JAIME NUNÓ, MANZANA 39, LOTE 6 Y 7, COLONIA ZONA ESCOLAR, CÓDIGO POSTAL 07230, GUSTAVO A MADERO, CIUDAD DE MÉXICO",DOMICILIO PARTICULAR,ENTRE AVENIDA TECNOLÓGICO Y CENTRO ESCOLAR,S4,Especial 4,9,-99.147692,19.542578,Ciudad de México
"CALLE ALBERTO HERRERA, SIN NÚMERO, COLONIA ARAGÓN LA VILLA, CÓDIGO POSTAL 07000, GUSTAVO A MADERO, CIUDAD DE MÉXICO",MUSEO DEL FERROCARRILERO,ENTRE CALLE AQUILES SERDÁN Y CALLE MIGUEL HIDALGO,S5,Especial 5,9,-99.11729,19.481709,Ciudad de México
"AVENIDA 481, PLAZA 30, NÚMERO 119, UNIDAD HABITACIONAL SAN JUAN DE ARAGÓN SÉPTIMA SECCIÓN, CÓDIGO POSTAL 07910",ESCUELA PÚBLICA PRIMARIA MAESTRO MANUEL C TELLO,ENTRE EJE 5 NORTE Y AVENIDA 412 A,S6,Especial 6,9,-99.076624829,19.467305376,Ciudad de México
"PLAZA BENITO JUÁREZ, SIN NÚMERO, COLONIA GABRIEL RAMOS MILLÁN, CÓDIGO POSTAL 08930, IZTACALCO, CIUDAD DE MÉXICO","ESCUELA SECUNDARIA DIURNA #69, MARTÍN V GONZÁLEZ",ENTRE AVENIDA RÍO CHURUBUSCO Y CALLE SUR 157,S7,Especial 7,9,-99.098119,19.394634,Ciudad de México
"AVENIDA CANAL DE RÍO CHURUBUSCO, SIN NÚMERO, COLONIA CENTRAL DE ABASTOS, CÓDIGO POSTAL 09040, IZTAPALAPA, CIUDAD DE MÉXICO",ESTACIÓN DE POLICÍA CENTRAL DE ABASTO,ESQUINA CANAL DE RÍO CHURUBUSCO,S8,Especial 8,9,-99.097107486,19.376366965,Ciudad de México
"CALZADA IGNACIO ZARAGOZA 1577,COLONIA TEPALCATES, CÓDIGO POSTAL 09210",PLAZA VÍA SAN JUAN,ESTACIONAMIENTO DE LA PLAZA VÍA SAN JUAN,S9,Especial 9,9,-99.049184741,19.392171717,Ciudad de México
"CALLE 55, SIN NÚMERO, UNIDAD HABITACIONAL SANTA CRUZ MEYEHUALCO, CÓDIGO POSTAL 09290, IZTAPALAPA, CIUDAD DE MÉXICO",GIMNASIO DE USOS MÚLTIPLES G2,ENTRE AVENIDA 6 Y AVENIDA 8,S10,Especial 10,9,-99.044274541,19.348131571,Ciudad de México
"AVENIDA DE LAS TORRES, MANZANA 531 LOTE 15 NÚMERO OFICIAL 1, SAN MIGUEL TEOTONGO, CÓDIGO POSTAL 09630",ESCUELA PRIMARIA PROFESOR ENRIQUE GONZÁLEZ APARICIO,ENTRE PÍPILA Y PALMAS,S11,Especial 11,9,-98.995108451,19.347402721,Ciudad de México
"LERDO DE TEJADA SN, UNIDAD HABITACIONAL MIRASOLES, IZTAPALAPA, 09900, CIUDAD DE MÉXICO",ACCESO ENTRADA PRINCIPAL DE LA ESCUELA SECUNDARIA,AVENIDA DE LAS TORRES Y ANILLO PERIFÉRICO,S12,Especial 12,9,-99.076058927,19.309827074,Ciudad de México
"CALLE ADRIANO BROWER SIN NÚMERO, COLONIA ALFONSO XIII, CÓDIGO POSTAL 01460, ÁLVARO OBREGÓN, CIUDAD DE MÉXICO",KIOSCO DEL PARQUE ALFONSO XIII,ENTRE GUIDO RENI Y  CALLE FRANZ HALS,S13,Especial 13,9,-99.196171198,19.375638051,Ciudad de México
"AV DE LA PAZ, SIN NÚMERO, ESQUINA CON AVENIDA INSURGENTES SUR, COLONIA SAN ANGEL CÓDIGO POSTAL 01000, ÁLVARO OBREGÓN",PARQUE LA BOMBILLA,ENTRE CALLE DEL CARMEN Y CALLE LA PAZ,S14,Especial 14,9,-99.18625577,19.34703363,Ciudad de México
"AVENIDA GUILLERMO PRIETO, SIN NÚMERO, COLONIA LA DRAGA, CÓDIGO POSTAL 13200, ALCALDÍA TLÁHUAC, CIUDAD DE MÉXICO",JARDÍN DE NIÑOS SOR JUANA INES DE LA CRUZ,ENTRE SÁBILA Y AVENIDA LA TURBA,S15,Especial 15,9,-99.039915106,19.283175174,Ciudad de México
"CALLE TZINAL, NÚMERO 161, COLONIA LOMAS DE PADIERNA, CÓDIGO POSTAL 14240, TLALPAN, CIUDAD DE MÉXICO",JARDÍN DE NIÑOS ELVIRA JIMÉNEZ VILLAFUERTE,ENTRE CALLE TIZIMIN ESQUINA CARRETERA PICACHO AJUSCO,S16,Especial 16,9,-99.217747607,19.289826549,Ciudad de México
"CALLE ARENAL, SIN NÚMERO, COLONIA EL ARENAL TEPEPAN, CÓDIGO POSTAL 14610, TLALPAN, CIUDAD DE MÉXICO",ESCUELA SECUNDARIA 125 PABLO CASALS,ENTRE CERRADA XOCHIMAITZIN Y AVENIDA VIADUCTO TLALPAN,S17,Especial 17,9,-99.155130625,19.285605618,Ciudad de México
"AVENIDA MORELOS, NÚMERO 7, BARRIO EL ROSARIO, CÓDIGO POSTAL 16070, XOCHIMILCO, CIUDAD DE MEXICO",CASA DEL ARTE,ENTRE CALLE VICENTE GUERRERO Y CALLE FRANCISCO I MADERO,S18,Especial 18,9,-99.104605615,19.262645341,Ciudad de México
"CAMINO REAL A SAN MATEO,SIN NÚMERO,PUEBLO SAN LUCAS XOCHIMANCA,CÓDIGO POSTAL 16300",ESCUELA SECUNDARIA 180,ENTRE CALLE ACUEDUCTO Y CALLE PRESA,S19,Especial 19,9,-99.11412395,19.245924104,Ciudad de México
"AVENIDA COYOACÁN, 1328, DEL VALLE SUR, BENITO JUÁREZ, CÓDIGO POSTAL 03104, BENITO JUÁREZ, CIUDAD DE MÉXICO",ESCUELA PRIMARIA CENTRO URBANO PRESIDENTE ALEMÁN,ENTRE CALLE SAN LORENZO Y AVENIDA FÉLIX CUEVAS EJE 7 SUR,S20,Especial 20,9,-99.170545025,19.372801751,Ciudad de México
"CALZADA VALLEJO, NÚMERO 1, COLONIA EX HIPÓDROMO DE PERALVILLO, CÓDIGO POSTAL 06250, ALCALDÍA CUAUHTÉMOC, ENTIDAD CIUDAD DE MÉXICO",ESQUINA AVENIDA LÁZARO CÁRDENAS EJE CENTRAL  Y CALLE E GRANADOS,ESCUELA PRIMARIA FRANCISCO DÍAZ COVARRUBIAS,S21,Especial 21,9,-99.139172489,19.456651223,Ciudad de México
"CALLE REPÚBLICA DE GUATEMALA, 64, COLONIA CENTRO, CÓDIGO POSTAL 06020",ESCUELA SECUNDARIA TÉCNICA 63 MELCHOR OCAMPO,ENTRE CALLE CORREO MAYOR Y CALLE PRIMO DE VERDAD,S22,Especial 22,9,-99.129893482,19.434692293,Ciudad de México
"CALLE MAR DE CHINA, NÚMERO 14, COLONIA POPOTLA, MIGUEL HIDALGO, CÓDIGO POSTAL 11400, CIUDAD DE MÉXICO",CENTRO CULTURAL IKAL YATZIL AC,ENTRE FELIPE CARRILLO PUERTO Y MAR ADRIATICO,S23,Especial 23,9,-99.180508085,19.451720453,Ciudad de México
"AVENIDA CAPITÁN CARLOS LEÓN, SIN NÚMERO, PEÑÓN DE LOS BAÑOS, CÓDIGO POSTAL 15520, VENUSTIANO CARRANZA, CIUDAD DE MÉXICO","PASILLLO DE LA PUERTA 6 DEL AEROPUERTO INTERNACIONAL DE LA CIUDAD DE MÉXICO, TERMINAL 1","AL LADO DE LA TAQUILLA DE AUTOBUSES DE ORIENTE  ADO  TERMINAL TERRESTRE, PLANTA ALTA",S24,Especial 24,9,-99.083101,19.436211,Ciudad de México
"BOULEVARD FELIPE PESCADOR, NÚMERO 800 PONIENTE, ZONA CENTRO, DURANGO, CÓDIGO POSTAL 34000",SECRETARÍA DE DESARROLLO ECONÓMICO,ANTIGUA ESTACIÓN DEL FERROCARRIL,S1,Especial 1,10,-104.672455704,24.035003096,Durango
"BOULEVARD DOMINGO ARRIETA, NÚMERO 203, COLONIA JUAN LIRA BRACHO, CÓDIGO POSTAL 34138, VICTORIA DE DURANGO, DURANGO",ESCUELA SECUNDARIA REVOLUCIÓN EDUCATIVA,ENTRE LAS CALLES 4 DE ABRIL E HILARIO PÉREZ DE LEÓN,S2,Especial 2,10,-104.664167826,23.98973973,Durango
"CALZADA CARLOS HERRERA, SIN NÚMERO, COLONIA LA CENTRAL, GÓMEZ PALACIO, CODIGO POSTAL 35069",CENTRAL CAMIONERA ANTONIO RAMÍREZ MARTÍNEZ SA DE CV,ENTRE LA CALLE SIN NOMBRE Y CALLE DE LAS FLORES,S3,Especial 3,10,-103.476598332,25.563290948,Durango
"CALLE MATAMOROS, SIN NÚMERO, ZONA CENTRO, LERDO, CÓDIGO POSTAL 35150",ESCUELA PRIMARIA JOSÉ RAMÓN VALDEZ,CERCA DEL PUENTE,S4,Especial 4,10,-103.524620563,25.53094271,Durango
"PRIMERO DE MAYO NÚMERO 1641, COLONIA CENTRO, 38600, ACAMBARO, GUANAJUATO",CENTRAL DE AUTOBUSES,ENTRE SORIANA Y AURRERA,S1,Especial 1,11,-100.729128459,20.021492727,Guanajuato
"SALIDA A CELAYA, NÚMERO 130, ZONA CENTRO, CÓDIGO POSTAL 37700, SAN MIGUEL DE ALLENDE, GUANAJUATO",ESTACIONAMIENTO DEL RESTAURANTE POLLO FELIZ,A UN COSTADO DEL PASO A DESNIVEL,S2,Especial 2,11,-100.752106918,20.898257646,Guanajuato
"ANTONIO PLAZA NÚMERO 306, COLONIA EL OLIVAR, CÓDIGO POSTAL, 38070",CENTRAL DE AUTOBUSES TRESGUERRAS,A UN COSTADO DEL MERCADO DE ABASTOS,S3,Especial 3,11,-100.806947,20.514068,Guanajuato
"PLAZA PRINCIPAL SIN NÚMERO, ZONA CENTRO, DOLORES HIDALGO CUNA DE LA INDEPENDENCIA NACIONAL CODIGO POSTAL 37800",MUSEO BICENTENARIO,"ENTRE CALLE SAN LUIS POTOSI, CALLEJON CASIANO EXIGA Y CALLE MEXICO",S4,Especial 4,11,-100.934639277,21.158124444,Guanajuato
"CALLE MARTINIANO ARREDONDO, NÚMERO 335, FRACCIONAMIENTO TENERÍAS DE IRAPUATO, CÓDIGO POSTAL 36670, IRAPUATO, GUANAJUATO",UNIVERSIDAD DE LEÓN CAMPUS IRAPUATO,ENTRE AVENIDA PRIMERO DE MAYO Y AVENIDA LICENCIADO GUSTAVO DÍAZ ORDAZ,S5,Especial 5,11,-101.343350529,20.67925038,Guanajuato
"PROLONGACIÓN BOULEVARD ADOLFO LÓPEZ MATEOS, NÚMERO 3402, COLONIA HACIENDA DEL CAMPESTRE, CÓDIGO POSTAL 37170, LEÓN GUANAJUATO",DIRECCIÓN DE GOBERNANZA AMBIENTAL,AL INTERIOR DEL PÁRQUE LOS CÁRCAMOS,S6,Especial 6,11,-101.684300866,21.165262937,Guanajuato
"ADOLFO LÓPEZ MATEOS, 1820, COLONIA LA MARTINICA, 37500, LEÓN, GUANAJUATO",PATRONATO DE LA FERIA ESTATAL DE LEÓN,ENTRE BOULEVARD VASCO DE QUIROGA Y BOULEVARD FRANCISCO VILLA,S7,Especial 7,11,-101.655517928,21.115469496,Guanajuato
"BOULEVARD JUAN JOSÉ TORRES LANDA, SIN NUMERO, COLONIA SAN NICOLAS, CODIGO POSTAL 37480, LEÓN, GUANAJUATO",CENTRO COMUNITARIO DE DESARROLLO INTEGRAL DE LA FAMILIA PARQUE DEL ÁRBOL,RÍO COLORADO Y BOULEVARD HERMANOS ALDAMA,S8,Especial 8,11,-101.675679985,21.101164212,Guanajuato
"ADOLFO LOPEZ MATEOS, SIN NUMERO, LOS PARAISOS, 37328, LEON, GUANAJUATO",CENTRO DE BIENESTAR SOCIAL IMSS T1,ENTRE AVENIDA PASEO DE LOS INSURGENTES Y ATENAS,S9,Especial 9,11,-101.687200069,21.138051872,Guanajuato
"CALLE 12 DE OCTUBRE, SIN NÚMERO  ACCESO ALTERNO , COLONIA CENTRO, 38800, MOROLEÓN, GUANAJUATO",ESCUELA PRIMARIA EMILIANO ZAPATA,ENTRE LAS CALLES LÓPEZ BERMUDEZ Y GLORIETA,S10,Especial 10,11,-101.184200043,20.135974745,Guanajuato
"AVENIDA VALLE DE SANTIAGO, NÚMERO 2606, COLONIA PREDIO DE LA LUZ, 36780, SALAMANCA, GUANAJUATO","CENTRAL DE AUTOBUSES DE SALAMANCA, SOCIEDAD ANÓNIMA DE CAPITAL VARIABLE","ENTRE CARRETERA VALLE DE SANTIAGO Y LIBRAMIENTO A MORELIA, ENTRADA POR CALLE ESTADO DE PUEBLA",S11,Especial 11,11,-101.206344,20.543135,Guanajuato
"BOULEVARD AQUILES SERDÁN, NÚMERO 404, COLONIA EL FRESNO, 36330, SAN FRANCISCO DEL RINCÓN, GUANAJUATO",CENTRAL DE AUTOBUSES NUEVA,ENTRE CALLE NICOLÁS BRAVO Y CALLE MARIANO MATAMOROS,S12,Especial 12,11,-101.852081,21.024905,Guanajuato
"CALLE LUIS H DUCOING, SIN NÚMERO, ZONA CENTRO, CÓDIGO POSTAL 36100, SILAO DE LA VICTORIA",CENTRAL DE AUTOBUSES,FRENTE A LA PLAZA COMERCIAL ELEKTRA,S13,Especial 13,11,-101.425701,20.953259,Guanajuato
"CALLE OBREGÓN, NÚMERO 124, ZONA CENTRO, 38400, VALLE DE SANTIAGO, GUANAJUATO",ESCUELA PRIMARIA URBANA MIGUEL HIDALGO,ENTRE CARRANZA Y ARTEAGA,S14,Especial 14,11,-101.18166134,20.390500453,Guanajuato
"CARRETERA DE CUOTA GUANAJUATO, SILAO NÚMERO 450 COLONIA YERBABUENA, GUANAJUATO, 36230",CENTRAL CAMIONERA DE GUANAJUATO,ESQUINA CON ANTONIO LOMA AMEZQUITA,S15,Especial 15,11,-101.286714022,20.98303328,Guanajuato
"AVENIDA COSTERA MIGUEL ALEMÁN SIN NÚMERO, COLONIA CENTRO, CÓDIGO POSTAL 39300, ACAPULCO DE JUÁREZ, GUERRERO",EN LA CANCHA TECHADA DE BÁSQUETBOL DE LA CROM,FRENTE AL EDIFICIO DE LA CROM,S1,Especial 1,12,-99.908187,16.846153,Guerrero
"BOULEVARD VICENTE GUERRERO SIN NÚMERO, COLONIA LAS CRUCES, SECTOR 1, CÓDIGO POSTAL 39770, ACAPULCO DE JUÁREZ, GUERRERO",EN EL INTERIOR DEL CENTRO DE ESTUDIOS TECNOLÓGICOS INDUSTRIAL Y DE SERVICIOS NÚMERO 116,A UN COSTADO DE LA TERMINAL DE AUTOBUSES ESTRELLA BLANCA,S2,Especial 2,12,-99.836845994,16.888084884,Guerrero
"CALLE JOSÉ MARÍA ANDRACA, SIN NÚMERO, COLONIA CENTRO, LOCALIDAD CHILAPA, CÓDIGO POSTAL 41100, CHILAPA DE ÁLVAREZ, GUERRERO",CORREDOR DE LA PRESIDENCIA MUNICIPAL,FRENTE A LA PLAZA ADOLFO LOPEZ MATEOS,S3,Especial 3,12,-99.177898046,17.594223635,Guerrero
"CALLE 21 DE MARZO, NÚMERO 16, COLONIA BENITO JUÁREZ, CÓDIGO POSTAL 39010, CHILPANCINGO DE LOS BRAVO, GUERRERO",PASILLO DE LA CENTRAL DE AUTOBUSES CHILPANCINGO,FRENTE A LA TIENDA DE AUTOSERVICIOS OXXO,S4,Especial 4,12,-99.509058593,17.562706531,Guerrero
"CALLE FRANCISCO I MADERO ESQUINA CON CALLE BENITO JUÁREZ, NÚMERO 1, COLONIA CENTRO, IGUALA, CÓDIGO POSTAL 40000, IGUALA DE LA INDEPENDENCIA, GUERRERO",CORREDOR DEL MUSEO DE LA BANDERA Y SANTUARIO DE LA PATRIA,FRENTE AL ZÓCALO,S5,Especial 5,12,-99.541191615,18.344983776,Guerrero
"PASEO DE ZIHUATANEJO ORIENTE SIN NÚMERO, COLONIA ZONA INDUSTRIAL, CÓDIGO POSTAL 40894, ZIHUATANEJO DE AZUETA, GUERRERO",CENTRAL DE AUTOBUSES,FRENTE AL IMSS ZIHUATANEJO,S6,Especial 6,12,-101.543420257,17.649384495,Guerrero
"AVENIDA LÁZARO CÁRDENAS ESQUINA AVENIDA INDEPENDENCIA ORIENTE, SIN NÚMERO, COLONIA CENTRO, CIUDAD ALTAMIRANO, CÓDIGO POSTAL 40660, PUNGARABATO, GUERRERO",EXPLANADA DE LOS BUSTOS DE VICENTE GUERRERO Y JOSÉ MARÍA MORELOS Y PAVÓN,FRENTE AL SITIO DE TAXIS ALTAMIRANO,S7,Especial 7,12,-100.668019662,18.358305934,Guerrero
"AVENIDA LAS PALMAS SIN NÚMERO, COLONIA JARDÍN, CÓDIGO POSTAL 39960, SAN MARCOS, GUERRERO",TECHADO DE LA REFACCIONARIA SANIA Y FÁTIMA,FRENTE AL LAVADO Y ENGRASADO EDUAR,S8,Especial 8,12,-99.392940404,16.791450646,Guerrero
"CALLE PASEO CELESTE, SIN NÚMERO, BARRIO DE SAN FRANCISCO, CÓDIGO POSTAL 41304, TLAPA DE COMONFORT, GUERRERO",EXPLANADA DEL RESTAURANTE ROS ROSSY,FRENTE AL RESTAURANTE ROS ROSSY,S9,Especial 9,12,-98.575833347,17.550324182,Guerrero
"CARRETERA MÉXICO TAMPICO, KILÓMETRO 2155, COLONIA SANTA IRENE, CÓDIGO POSTAL 43000, HUEJUTLA DE REYES, HIDALGO",ESCUELA PRIMARIA GENERAL LÁZARO CÁRDENAS DEL RÍO,FRENTE A LA TIENDA COMERCIAL COPPEL,S1,Especial 1,13,-98.415194996,21.143155914,Hidalgo
"AVENIDA INSURGENTES ORIENTE, NÚMERO 150, BARRIO EL FITZHI, CÓDIGO POSTAL 42300, IXMIQUILPAN, HIDALGO",ESTACIONAMIENTO DE LA PLAZA IXMIQUILPAN,A UN COSTADO DE LA TIENDA DE DEPORTES MENDOZA SPORTS,S2,Especial 2,13,-99.208474,20.471711,Hidalgo
"LOCALIDAD JUÁREZ HIDALGO, CÓDIGO POSTAL 43190, JUÁREZ HIDALGO, HIDALGO",AUDITORIO MUNICIPAL,FRENTE A LA PRESIDENCIA MUNICIPAL,S3,Especial 3,13,-98.829022633,20.783603884,Hidalgo
"CARRETERA MEXICO PACHUCA ESQUINA AVENIDA NUEVO PACHUCA, SIN NÚMERO, COLONIA JUAN C DORIA, CÓDIGO POSTAL 42083, PACHUCA DE SOTO, HIDALGO",MONUMENTAL PLAZA DE TOROS VICENTE SEGURA,FRENTE A LAS INSTALACIONES DE LA FERIA,S4,Especial 4,13,-98.78082812,20.065293788,Hidalgo
"CARRETERA CIUDAD SAHAGÚN APAN, KILÓMETRO 1, CÓDIGO POSTAL 43994, CIUDAD SAHAGÚN, TEPEAPULCO, HIDALGO",CENTRO DE BACHILLERATO TECNOLÓGICO INDUSTRIAL Y DE SERVICIOS NÚMERO 59 MIGUEL HIDALGO Y COSTILLA,FRENTE A CASETA DE VIGILANCIA DE LA POLICÍA ESTATAL,S5,Especial 5,13,-98.588089943,19.76387646,Hidalgo
"CARRETERA CRUZ AZUL, SIN NUMERO, COLONIA CENTRO",PLAZUELA SAN LORENZO,A UN COSTADO DEL RESTAURANTE BISTRO 23,S6,Especial 6,13,-99.335301899,20.049678629,Hidalgo
"CARRETERA MÉXICO TUXPAN, KILÓMETRO 905, COLONIA ROJO GÓMEZ, CÓDIGO POSTAL 43645, TULANCINGO DE BRAVO, HIDALGO",EXTERIOR DE LA MISCELÁNEA LETY Y DE LA TAQUILLA DE AUTOBUSES,A UN COSTADO DE LA TIENDA LA PREFERIDA,S7,Especial 7,13,-98.411868811,20.068578923,Hidalgo
"DOMICILIO CONOCIDO, NÚMERO 17 E, LOCALIDAD PRESA DE BARAJAS, CÓDIGO POSTAL 47180, ARANDAS, JALISCO",DOMICILIO PARTICULAR,FRENTE A LA TIENDA DE ABARROTES,S1,Especial 1,14,-102.454376494,20.719510863,Jalisco
"AVENIDA INDEPENDENCIA NACIONAL, NÚMERO 162, COLONIA CENTRO, CÓDIGO POSTAL 48900, AUTLÁN DE NAVARRO, JALISCO",CENTRAL CAMIONERA PUERTA DE LA COSTA,ENFRENTE DEL CENTRO UNIVERSITARIO DE LA COSTA SUR,S2,Especial 2,14,-104.35698241,19.773748345,Jalisco
"CALLE ABASOLO, NÚMERO 399, COLONIA CENTRO, CÓDIGO POSTAL 47910, LA BARCA, JALISCO",CENTRAL DE AUTOBUSES LA BARCA,ENTRE VENUSTIANO CARRANZA Y AVENIDA DE LA JUVENTUD,S3,Especial 3,14,-102.549991608,20.286371155,Jalisco
"CALLE ALEJANDRO DE HUMBOLDT, NÚMERO 14, COLONIA CENTRO, LOCALIDAD CIUDAD GUZMÁN, CÓDIGO POSTAL 49000, MUNICIPIO DE ZAPOTLÁN EL GRANDE, JALISCO",AUDITORIO DEPORTIVO BENITO JUÁREZ,ENTRE LAS CALLES RAMÓN CORONA Y PRESBÍTERO J MANUEL DE JESÚS MUNGUÍA VÁZQUEZ,S4,Especial 4,14,-103.462408061,19.703186674,Jalisco
"AVENIDA JOSÉ MARÍA IGLESIAS, NÚMERO 3150, INTERIOR LA013, COLONIA LOMAS DE SAN EUGENIO, CÓDIGO POSTAL 44720, GUADALAJARA, JALISCO","PLAZA PUNTO ORIENTE, MÓDULO DEL REGISTRO FEDERAL DE ELECTORES",ENTRE IRÁN Y TEHERÁN,S5,Especial 5,14,-103.290428821,20.679308078,Jalisco
"AVENIDA DOCTOR ROBERTO MICHEL, SIN NÚMERO, ESQUINA CALLE 5 DE FEBRERO, COLONIA LAS CONCHAS, CÓDIGO POSTAL 44460, GUADALAJARA, JALISCO",ANTIGUA CENTRAL CAMIONERA,ENTRE CALLE 5 DE FEBRERO Y CALLE LOS ÁNGELES,S6,Especial 6,14,-103.345419,20.662117,Jalisco
"CALLE GENERAL SALAZAR, SIN NÙMERO, INSTITUTO CULTURAL CABAÑAS, COLONIA SAN JUAN DE DIOS, CÓDIGO POSTAL 44360, GUADALAJARA, JALISCO",PARTE ORIENTE DEL INSTITUTO CULTURAL CABAÑAS,ENTRE REPÚBLICA E IGNACIO ALLENDE,S7,Especial 7,14,-103.33804878,20.676838828,Jalisco
"CALZADA INDEPENDENCIA NORTE, NÚMERO 2655, COLONIA FOVISSSTE ESTADIO, CÓDIGO POSTAL 44240, GUADALAJARA, JALISCO",MÓDULO DE ATENCIÓN CIUDADANA 140951,"ENTRE CALLE SAN SIMÓN Y CALLE SAN BASILIO, PLAZA COMERCIAL UBIKA",S8,Especial 8,14,-103.32251584,20.71221666,Jalisco
"CALLE HIDALGO, NÚMERO 38, COLONIA CENTRO, CÓDIGO POSTAL 45800, JOCOTEPEC, JALISCO",CASA DE LA CULTURA,ENTRE RAMÓN CORONA Y MORELOS,S9,Especial 9,14,-103.430495123,20.285933399,Jalisco
"CALLE PADRE TORRES, NÚMERO 380, COLONIA EL CARMEN, CÓDIGO POSTAL 47490, LAGOS DE MORENO, JALISCO",TERMINALES CENTRALES DE ÓMNIBUS,ENTRE CALLE LA RIVERA Y CALLE BALUARTE,S10,Especial 10,14,-101.92460101,21.35842147,Jalisco
"AVENIDA FRANCISCO VILLA, NÚMERO 1526, COLONIA LOS SAUCES, CÓDIGO POSTAL 48328, PUERTO VALLARTA, JALISCO",PLAZOLETA DE LA MACROPLAZA,"FRENTE A LA SURTIDORA, ENTRE AVENIDA J JESÚS GONZÁLEZ GALLO Y CARDENAL, A ESPALDA SEBASTIÁN ALLENDE",S11,Especial 11,14,-105.217996176,20.645364687,Jalisco
"CALLE JOSÉ CUERVO, NÚMERO 33, COLONIA CENTRO, CÓDIGO POSTAL 46400, TEQUILA, JALISCO",PLAZA PRINCIPAL,ENTRE CALLE RAMÓN CORONA Y CALLE BENITO JUÁREZ,S12,Especial 12,14,-103.839266,20.885156,Jalisco
"CARRETERA GUADALAJARA CHAPALA KILÓMETRO 175 SIN NÚMERO, CÓDIGO POSTAL 45659, TLAJOMULCO DE ZÚÑIGA, JALISCO",AEROPUERTO INTERNACIONAL MIGUEL HIDALGO,"FRENTE A LA TERMINAL 1, A UN COSTADO DEL OXXO DENTRO DEL ESTACIONAMIENTO PRINCIPAL",S13,Especial 13,14,-103.30496905,20.526597293,Jalisco
"CALLE INDEPENDENCIA, NÚMERO 58, BARRIO DE SAN JUAN, CÓDIGO POSTAL 45500, SAN PEDRO TLAQUEPAQUE, JALISCO",PRESIDENCIA MUNICIPAL DE TLAQUEPAQUE,"ENTRE CALLE ÁLVARO OBREGÓN Y CALLE FRANCISCO I MADERO, A ESPALDAS DE CALLE MORELOS",S14,Especial 14,14,-103.310789479,20.639260408,Jalisco
"PERIFÉRICO SUR, NÚMERO 7835, COLONIA SANTA MARÍA TEQUEPEXPAN, CÓDIGO POSTAL 45601",PLAZA COMERCIAL CENTRO SUR,ENTRE PERIFÉRICO SUR MANUEL GÓMEZ MORIN Y PROLONGACIÓN COLÓN SUR,S15,Especial 15,14,-103.400143231,20.603905805,Jalisco
"CALLE HIDALGO, NÚMERO 21, COLONIA TONALÁ CENTRO, CÓDIGO POSTAL 45400, TONALÁ, JALISCO",PORTALES DE LA PRESIDENCIA MUNICIPAL,ENTRE CALLE JUÁREZ Y CALLE EMILIANO ZAPATA,S16,Especial 16,14,-103.242542,20.624492,Jalisco
"CALLE LÁZARO CÁRDENAS, NÚMERO 330, COLONIA SAN JOSÉ DEL BAJÍO, CÓDIGO POSTAL 45140, ZAPOPAN, JALISCO",JARDÍN DE NIÑOS MOCTEZUMA,ENTRE CALLE DONATO MORALES BARRAGÁN Y AVENIDA LAURELES,S17,Especial 17,14,-103.402075679,20.7356236,Jalisco
"CALLE ANDADOR 20 DE NOVIEMBRE, SIN NÚMERO, COLONIA ZAPOPAN CENTRO, CÓDIGO POSTAL 45100, ZAPOPAN, JALISCO","AUDITORIO NÚMERO 3, UNIDAD ADMINISTRATIVA BASÍLICA",ENTRE CALLE EVA BRISEÑO Y  CALLE EMILIANO ZAPATA,S18,Especial 18,14,-103.391277028,20.720506826,Jalisco
"AVENIDA AVIACIÓN, NÚMERO 6916, COLONIA SAN JUAN DE OCOTÁN, CÓDIGO POSTAL 45019, ZAPOPAN, JALISCO",SECUNDARIA FEDERAL NÚMERO 67 JUAN JOSÉ ARREOLA,"CASI ESQUINA CARRETERA A NOGALES, A UN COSTADO DE LA CENTRAL CAMIONERA VALLARTA PLUS",S19,Especial 19,14,-103.4597,20.703163,Jalisco
"CALLE REFORMA, NÚMERO 2, COLONIA CENTRO, CÓDIGO POSTAL 45430, ZAPOTLANEJO, JALISCO",PORTAL DE LA PRESIDENCIA MUNICIPAL DE ZAPOTLANEJO,"ENTRE CALLE MIGUEL HIDALGO Y CALLE GUADALUPE VICTORIA, A ESPALDA DE CALLE OCAMPO",S20,Especial 20,14,-103.06938,20.622452,Jalisco
"CARRETERA TOLUCA ALMOLOYA DE JUÁREZ, KILÓMETRO 45, LOCALIDAD SANTIAGUITO TLALCILALCALI, CÓDIGO POSTAL 50904, ALMOLOYA DE JUÁREZ, MÉXICO",ESTACIONAMIENTO DE LA TORRE I DE LOS JUZGADOS PENALES,A UN COSTADO DEL CENTRO DE PREVENCIÓN Y READAPTACIÓN SOCIAL SANTIAGUITO,S1,Especial 1,15,-99.735713246,19.332315034,Estado de México
"PLAZA DE LA CONSTITUCIÓN, SIN NÚMERO, CENTRO, AMECAMECA, CÓDIGO POSTAL 56900, MÉXICO",PORTAL DE LA PRESIDENCIA MUNICIPAL,ESQUINA CALLE FRANCISCO SARABIA,S2,Especial 2,15,-98.769627172,19.128459092,Estado de México
"AVENIDA LAGO DE GUADALUPE, NÚMERO 368, FRACCIONAMIENTO VILLAS DE LA HACIENDA, CIUDAD ADOLFO LÓPEZ MATEOS, CÓDIGO POSTAL 52929, ATIZAPÁN DE ZARAGOZA, MÉXICO","CONDOMINIO PLAZA HACIENDA, CONOCIDO COMO  PLAZA VILLAS","ENTRE CALLE HUERTAS Y CALLE PASEO DE LAS VILLAS, ACCESO SOBRE AVENIDA LAGO DE GUADALUPE",S3,Especial 3,15,-99.228397235,19.606132348,Estado de México
"CARRETERA VILLA NICOLÁS ROMERO ATIZAPÁN, NÚMERO 28, COLONIA ATIZAPÁN CENTRO, CIUDAD ADOLFO LÓPEZ MATEOS, CÓDIGO POSTAL 52900, ATIZAPÁN DE ZARAGOZA, MÉXICO",PLAZA ATIZAPÁN,ENTRE CALLE ZAFIRO Y AVENIDA ADOLFO LÓPEZ MATEOS,S4,Especial 4,15,-99.255039832,19.571304677,Estado de México
"CALLE ISIDRO FABELA NORTE, SIN NÚMERO, COLONIA CENTRO, ATLACOMULCO DE FABELA, CÓDIGO POSTAL 50453, ATLACOMULCO, MÉXICO",CENTRAL Y TERMINAL DE AUTOBUSES ATLACOMULCO,AL INTERIOR DE LA TERMINAL DE AUTOBUSES DE ATLACOMULCO,S5,Especial 5,15,-99.87311053,19.804527738,Estado de México
"CARRETERA METEPEC ZACANGO, KILÓMETRO 7, BARRIO DE SANTA MARÍA NATIVITAS, CÓDIGO POSTAL 52233, CALIMAYA, MÉXICO",PARQUE ECOLÓGICO ZACANGO,JUNTO A TAQUILLAS,S6,Especial 6,15,-99.647927,19.203295,Estado de México
"AVENIDA JOSÉ LÓPEZ PORTILLO, NÚMERO 34, SAN FRANCISCO COACALCO, COACALCO DE BERRIOZÁBAL, CODIGO POSTAL 55700, COACALCO DE BERRIOZÁBAL, MÉXICO",CITY CLUB,ENTRE AVENIDA 16 DE SEPTIEMBRE Y AVENIDA AZTLÁN,S7,Especial 7,15,-99.11870594,19.632149244,Estado de México
"AVENIDA HIDALGO, NÚMERO 4, COLONIA CENTRO, CUAUTITLÁN, CÓDIGO POSTAL 54800, CUAUTITLÁN, MÉXICO",JARDÍN DE NIÑOS FILIBERTO GÓMEZ,"ENTRE CALLE FRANCISCO MARTÍNEZ FANTINI Y CALLE ALDAMA, FRENTE AL KIOSKO DEL JARDÍN PRINCIPAL",S8,Especial 8,15,-99.181019,19.671383,Estado de México
"AUTOPISTA QUERÉTARO MÉXICO, KILÓMETRO 37, FRACCIONAMIENTO ARCOS DEL ALBA, LOCALIDAD CUAUTITLÁN IZCALLI, CÓDIGO POSTAL 54750, CUAUTITLÁN IZCALLI, MÉXICO",ESTACIONAMIENTO DEL CENTRO COMERCIAL,"CENTRO COMERCIAL PERIFÉRICO, FRENTE A BBVA",S9,Especial 9,15,-99.197522732,19.649935865,Estado de México
"COSTADO DERECHO DE LA ESCALERA DEL KIOSCO AVENIDA ALFREDO DE MAZO, SIN NÚMERO, COLONIA ALFREDO BARANDA, LOCALIDAD VALLE DE CHALCO SOLIDARIDAD, CÓDIGO POSTAL 56610, VALLE DE CHALCO SOLIDARIDAD, MÉXICO",EXPLANADA CÍVICA DEL H AYUNTAMIENTO DE VALLE DE CHALCO SOLIDARIDAD,CASI ESQUINA AVENIDA TEZOZÓMOC,S10,Especial 10,15,-98.943107128,19.278281263,Estado de México
"CALLE REFORMA, SIN NÚMERO, COLONIA CENTRO, CHALCO DE DÍAZ COVARRUBIAS, CÓDIGO POSTAL 56600, CHALCO, MÉXICO",PORTAL DE LA PRESIDENCIA MUNICIPAL,FRENTE A LA PLAZA CENTRAL,S11,Especial 11,15,-98.895750031,19.261228609,Estado de México
"CALLE MEJORAMIENTO DEL AMBIENTE, SIN NÚMERO, ACERA PONIENTE, CABECERA MUNICIPAL CHICOLOAPAN DE JUÁREZ, CÓDIGO POSTAL 56370, CHICOLOAPAN, MÉXICO",EXPLANADA DE LA PLAZA DE LA CONSTITUCIÓN,ENTRE EL KIOSCO Y CALLE REFORMA,S12,Especial 12,15,-98.90171528,19.416788351,Estado de México
"CALLE GUERRERO, SIN NÚMERO, CABECERA MUNICIPAL, CHIMALHUACÁN, CÓDIGO POSTAL 56330, CHIMALHUACÁN, MÉXICO",PLAZA DE LA IDENTIDAD,ENTRE CALLE ZARAGOZA Y AVENIDA MORELOS,S13,Especial 13,15,-98.944893345,19.418896809,Estado de México
"PLAZA JUÁREZ, NÚMERO 1, COLONIA SAN CRISTÓBAL CENTRO, ECATEPEC DE MORELOS, CÓDIGO POSTAL 55000, ECATEPEC DE MORELOS, MÉXICO",CENTRO REGIONAL DE CULTURA JOSÉ MARÍA MORELOS Y PAVÓN,ENTRE AVENIDA JOSÉ MARÍA MORELOS Y PAVÓN Y CALLE VICENTE VILLADA,S14,Especial 14,15,-99.047584517,19.599491105,Estado de México
"CALLE LEONA VICARIO, SIN NÚMERO, COLONIA VALLE DE ANÁHUAC, CODIGO POSTAL 55210, ECATEPEC DE MORELOS, MEXICO",UNIVERSIDAD  PEDAGÓGICA NACIONAL UNIDAD 153 DE ECATEPEC,A UN COSTADO DEL HOSPITAL GENERAL DOCTOR JOSÉ MARÍA RODRÍGUEZ,S15,Especial 15,15,-99.040718095,19.515465629,Estado de México
"CALLE CERRO HUITZILAC, NÚMERO 1, COLONIA JARDINES DE MORELOS, ECATEPEC DE MORELOS, CÓDIGO POSTAL 55070, ECATEPEC DE MORELOS, MÉXICO",COLEGIO SOLIDARIDAD NACIONAL,ENTRE CERRO DEL ACUZCO Y AVENIDA JARDINES DE MORELOS,S16,Especial 16,15,-99.008058161,19.598295923,Estado de México
"AVENIDA CENTRAL CARLOS HANK GONZÁLEZ, MANZANA 632, NÚMERO 50, COLONIA CIUDAD AZTECA TERCERA SECCIÓN, CÓDIGO POSTAL 55120, ECATEPEC DE MORELOS, MÉXICO",ENTRE ANDADOR SACERDOTES Y BOULEVARD DE LOS GUERREROS,CENTRO COMERCIAL MEXIPUERTO CIUDAD AZTECA,S17,Especial 17,15,-99.02738,19.533733,Estado de México
"CALLE NICOLÁS BRAVO, NÚMERO 6, BARRIO SAN MARTÍN, LOCALIDAD HUIXQUILUCAN DE DEGOLLADO, CÓDIGO POSTAL 52760, HUIXQUILUCAN, MÉXICO",ZONA ESCOLAR S050,FRENTE A LA FARMACIA FARMATODO,S18,Especial 18,15,-99.352211108,19.359721983,Estado de México
"AVENIDA CUAUHTÉMOC, NÚMERO 100, COLONIA CENTRO, IXTAPALUCA, CÓDIGO POSTAL 56530, IXTAPALUCA, MÉXICO",CASA DE LA CULTURA,FRENTE A LA ESCUELA PRIMARIA FRAY SERVANDO TERESA DE MIER,S19,Especial 19,15,-98.883945644,19.314811166,Estado de México
"CALLE LEONA VICARIO, NÚMERO 101, COLONIA CENTRO, JILOTEPEC DE MOLINA ENRÍQUEZ, CÓDIGO POSTAL 54240, JILOTEPEC DE MOLINA ENRÍQUEZ, MÉXICO",PORTAL DE LA PRESIDENCIA MUNICIPAL,FRENTE AL JARDÍN,S20,Especial 20,15,-99.532428682,19.952809852,Estado de México
"AVENIDA CAMINO ARENERO, NÚMERO 650, COLONIA RÍO HONDO, CÓDIGO POSTAL 53810, NAUCALPAN DE JUÁREZ, MÉXICO",BODEGA AURRERA RÍO HONDO,FRENTE AL KENTUCKY FRIED CHICKEN,S21,Especial 21,15,-99.247999191,19.440269481,Estado de México
"BOULEVARD MANUEL ÁVILA CAMACHO, SIN NÚMERO, COLONIA BOULEVARES, CÓDIGO POSTAL 53398, NAUCALPAN DE JUÁREZ, MÉXICO",PARQUE NAUCALLI,ENTRE AVENIDA LOMAS VERDES Y BOULEVARD DE LA SANTA CRUZ,S22,Especial 22,15,-99.239448988,19.494993879,Estado de México
"CALLE 35, ACERA OESTE, ESQUINA AVENIDA 6A, COLONIA CAMPESTRE GUADALUPANA, CIUDAD NEZAHUALCÓYOTL, CÓDIGO POSTAL 57120, NEZAHUALCÓYOTL, MÉXICO",EN LA ENTRADA PRINCIPAL DE LA UNIDAD ADMINISTRATIVA NEZAHUALCÓYOTL ZONA NORTE,ENTRE AVENIDA 6A Y CALLE 6B,S23,Especial 23,15,-99.050665,19.484525,Estado de México
"AVENIDA CHIMALHUACÁN SIN NÚMERO, ACERA NORTE, COLONIA BENITO JUÁREZ, CÓDIGO POSTAL 57000, CIUDAD NEZAHUALCÓYOTL, MÉXICO",EXTERIOR DE LA EXPLANADA DEL HONORABLE AYUNTAMIENTO DE NEZAHUALCÓYOTL,"CASI ESQUINA CALLE EL FAISÁN, ACERA ORIENTE",S24,Especial 24,15,-99.019271164,19.408159455,Estado de México
"CALLE SAN ESTEBAN, SIN NÚMERO, COLONIA AMPLIACIÓN VICENTE VILLADA, CÓDIGO POSTAL 57710, CIUDAD NEZAHUALCÓYOTL, MÉXICO",BANQUETA DEL PARQUE DEL PUEBLO,"ACERA ESTE, ESQUINA AVENIDA GLORIETA DE COLÓN, ACERA NORTE",S25,Especial 25,15,-99.007179111,19.394872437,Estado de México
"CALLE 16 DE SEPTIEMBRE, SIN NÚMERO, CÓDIGO POSTAL 54400, COLONIA CENTRO, MÉXICO",UNIDAD DOCTOR JORGE JIMÉNEZ CANTÚ,A UN COSTADO DEL MÓDULO DE LA POLICÍA ESTATAL,S26,Especial 26,15,-99.318616601,19.626641838,Estado de México
"CALLE HOMBRES ILUSTRES, SIN NÚMERO, COLONIA LOS REYES CENTRO, LOS REYES ACAQUILPAN, CÓDIGO POSTAL 56400, LA PAZ, MÉXICO",PLAZA CÍVICA GENERAL LUÍS CERÓN,"ACERA NORTE, ENTRE CALLE LUÍS CERÓN Y CALLEJÓN GENERAL LUÍS CERÓN",S27,Especial 27,15,-98.976701794,19.358236446,Estado de México
"CALLE MARÍA DE LA LUZ RODRÍGUEZ Y JOSÉ MARÍA ROJAS, COLONIA CENTRO, CÓDIGO POSTAL 50640, SAN FELIPE DEL PROGRESO, MÉXICO",TERMINAL DE AUTOBUSES,A UN COSTADO DEL MERCADO VICENTE GUERRERO,S28,Especial 28,15,-99.94818449,19.716267785,Estado de México
"CARRETERA MÉXICO PACHUCA, KILÓMETRO 385, COLONIA CENTRO, CÓDIGO POSTAL 55740, TECÁMAC, MÉXICO",SALÓN EJIDAL,A UN COSTADO DEL PUENTE PEATONAL Y DE LA SECUNDARIA 103 ADOLFO LOPEZ MATEOS,S29,Especial 29,15,-98.976178823,19.709490638,Estado de México
"CARRETERA TEJUPILCO CIUDAD ALTAMIRANO, SIN NÚMERO, COLONIA JUÁREZ, CÓDIGO POSTAL 51400, TEJUPILCO, MÉXICO",TERMINAL DE AUTOBUSES,FRENTE AL OXXO,S30,Especial 30,15,-100.146989773,18.92086128,Estado de México
"AVENIDA PASEO DE LOS INSURGENTES, SIN NÚMERO, COLONIA SAN DIEGO, CÓDIGO POSTAL 52410, TENANCINGO, MÉXICO",GLORIETA MORELOS,FRENTE A LA AGENCIA DE AUTOS SÁNCHEZ AUTOMOTRIZ,S31,Especial 31,15,-99.586620032,18.973869376,Estado de México
"CIRCUITO ZONA ARQUEOLÓGICA, SIN NÚMERO, ZONA ARQUEOLÓGICA, CÓDIGO POSTAL 55829, TEOTIHUACÁN, MÉXICO",PUERTA 1 DE LA ZONA ARQUEOLÓGICA;,JUNTO AL MÓDULO DE VIGILANCIA,S32,Especial 32,15,-98.852706081,19.683379274,Estado de México
"CALLE PLAZA DE LA CONSTITUCIÓN, SIN NÚMERO, COLONIA CENTRO, CÓDIGO POSTAL 56100, TEXCOCO, MÉXICO",QUIOSCO MUNICIPAL,ENTRE PORTAL MADERO Y CALLE COLÓN,S33,Especial 33,15,-98.882778,19.513926,Estado de México
"CALLE EXCURSIONISTAS TONATIUH SIN NÚMERO, COLONIA LÁZARO CÁRDENAS, CÓDIGO POSTAL 54189, TLALNEPANTLA DE BAZ, MÉXICO",MÓDULO DE VIGILANCIA NÚMERO 9,ESQUINA CON AVENIDA VOLCANES,S34,Especial 34,15,-99.119522737,19.535421384,Estado de México
"AVENIDA JESÚS REYES HEROLES, SIN NÚMERO, FRACCIONAMIENTO VALLE CEYLÁN, CÓDIGO POSTAL 54150, TLALNEPANTLA DE BAZ, MÉXICO",MÓDULO DE POLICÍA,"CASI ESQUINA CON AVENIDA TLALNEPANTLA TENAYUCA, FRENTE A AURRERA EXPRESS",S35,Especial 35,15,-99.180197,19.53315,Estado de México
"AVENIDA MIGUEL HIDALGO, NÚMERO 1337, COLONIA VÉRTICE, CÓDIGO POSTAL 50090, TOLUCA, MÉXICO",PLAZA PATIO TOLUCA,A UN COSTADO DEL PANTEÓN GENERAL,S36,Especial 36,15,-99.63151348,19.286405631,Estado de México
"CARRETERA TOLUCA NAUCALPAN, KILÓMETRO 45, LOCALIDAD SAN JOSÉ GUADALUPE DE OTZACATIPAN, CÓDIGO POSTAL 50230, TOLUCA, MÉXICO",CENTRAL DE ABASTOS,JUNTO A LA VILLA CHARRA DE TOLUCA,S37,Especial 37,15,-99.602581858,19.345965256,Estado de México
"CARRETERA CUAUTITLÁN TULTEPEC, SIN NÚMERO, LOCALIDAD RANCHO SANTA ELENA, CÓDIGO POSTAL 54960, TULTEPEC, MÉXICO",ENTRADA PRINCIPAL AL CORPORATIVO WALMART,LADO DERECHO DE LA ENTRADA PRINCIPAL DE SAMS,S38,Especial 38,15,-99.151092321,19.677022507,Estado de México
"BOULEVARD TULTITLÁN ORIENTE, SIN NÚMERO, COLONIA LÁZARO CÁRDENAS, CÓDIGO POSTAL 54916, TULTITLÁN, MÉXICO",KIOSCO DEL SITIO DE TAXIS REFORMA,FRENTE AL ASTA BANDERA,S39,Especial 39,15,-99.163337947,19.622225672,Estado de México
"CALLEJÓN PEDRO RODRÍGUEZ VARGAS, SIN NÚMERO, BARRIO SAN JUAN, ZUMPANGO DE OCAMPO, CÓDIGO POSTAL 55600, ZUMPANGO DE OCAMPO, MÉXICO",ARCOTECHO DE LA ESCUELA PRIMARIA PEDRO RODRÍGUEZ VARGAS,ENTRE CALLE PLAZA JUÁREZ Y CALLE GALEANA,S40,Especial 40,15,-99.099184841,19.797047525,Estado de México
"AVENIDA HIDALGO, SIN NÚMERO, VILLA DE SAN NICOLÁS COATEPEC DE LAS BATEAS, CÓDIGO POSTAL 52650, TIANGUISTENCO, MÉXICO",DELEGACIÓN MUNICIPAL,ATRÁS DE LA IGLESIA,S41,Especial 41,15,-99.430237852,19.136139814,Estado de México
"AVENIDA PLAN DE SAN LUIS SIN NÚMERO, COLONIA AVIACIÓN, LOCALIDAD APATZINGÁN DE LA CONSTITUCIÓN, CÓDIGO POSTAL 60640, APATZINGÁN, MICHOACÁN",CANCHA DE USOS MÚLTIPLES DE LA UNIDAD DEPORTIVA ADOLFO LÓPEZ MATEOS,ENTRE LA CALLE JESÚS CARRANZA Y CALLE PLAN DE AYALA,S1,Especial 1,16,-102.358688354,19.090194607,Michoacán de Ocampo
"CALLE PLAZA HIDALGO, NÚMERO 1, COLONIA CENTRO, CÓDIGO POSTAL 61100, HIDALGO, MICHOACÁN",PORTALES DE LA PRESIDENCIA MUNICIPAL,FRENTE A PLAZA PÚBLICA JARDÍN HIDALGO,S2,Especial 2,16,-100.555250472,19.68953058,Michoacán de Ocampo
"AVENIDA GENERAL LÁZARO CÁRDENAS DEL RÍO, SIN NÚMERO, COLONIA CENTRO, LOCALIDAD JIQUILPAN DE JUÁREZ, CODIGO POSTAL 59510, JIQUILPAN MICHOACÁN",UNIDAD ACADÉMICA DE ESTUDIOS REGIONALES UNAM,ENTRE LAS CALLLES FRANCISCO JÓSE MUJICA Y FELICITAS DEL RÍO,S3,Especial 3,16,-102.714722146,19.986066105,Michoacán de Ocampo
"AVENIDA LÁZARO CÁRDENAS, NÚMERO 41, COLONIA SEGUNDO SECTOR DE FIDELAC, LOCALIDAD LÁZARO CÁRDENAS, CÓDIGO POSTAL 60953, LÁZARO CÁRDENAS, MICHOACÁN",MÓDULO DE ATENCIÓN CIUDADANA 160151,ESQUINA CON AVENIDA HEROICA ESCUELA NAVAL MILITAR,S4,Especial 4,16,-102.198794119,17.958764853,Michoacán de Ocampo
"PERIFÉRICO PASEO DE LA REPÚBLICA, NÚMERO 5555, COLONIA FÉLIX ARREGUIN, CÓDIGO POSTAL 58148, MORELIA, MICHOACÁN",CENTRAL CAMIONERA DE MORELIA,ENTRE LA CALLE PEDRO IGNACIO IRIGOYEN Y JÓSE DEL RIO,S5,Especial 5,16,-101.226208805,19.720555116,Michoacán de Ocampo
"CALZADA VENTURA PUENTE, SIN NÚMERO, COLONIA FÉLIX IRETA, CÓDIGO POSTAL 58070, MORELIA, MICHOACÁN",TEATRO JOSÉ MARÍA MORELOS,"ESQUINA AVENIDA CAMELINAS, A UN COSTADO DE CECONEXPO",S6,Especial 6,16,-101.182919676,19.682571817,Michoacán de Ocampo
"MUELLE GENERAL DE PASAJE NÚMERO 2, LOCAL 30, COLONIA MORELOS, LOCALIDAD PÁTZCUARO, CÓDIGO POSTAL 61609, PÁTZCUARO, MICHOACÁN",MUELLE GENERAL DE PASAJE NÚMERO 2,A 50 MTS DE LA CAPITANIA DE PUERTO,S7,Especial 7,16,-101.616439436,19.543515221,Michoacán de Ocampo
"CALLE 20 DE NOVIEMBRE, SIN NÚMERO, COLONIA TENERIAS, LOCALIDAD PURUÁNDIRO, CÓDIGO POSTAL 58500 MUNICIPIO PURUÁNDIRO, MICHOACÁN",UNIDAD DEPORTIVA BENITO JUÁREZ,ENTRE LAS CALLES ARROYO Y ELÍAS CALLES,S8,Especial 8,16,-101.508421,20.094593,Michoacán de Ocampo
"CALLE MIGUEL HIDALGO, NÚMERO 386, COLONIA CENTRO, LOCALIDAD QUIROGA, CÓDIGO POSTAL 58420, QUIROGA, MICHOACÁN",ESCUELA PRIMARIA DOCTOR NICOLÁS LEÓN,ENTRE LAS CALLES ADOLFO LÓPEZ MATEOS NORTE E INDUSTRIA,S9,Especial 9,16,-101.526412382,19.667771029,Michoacán de Ocampo
"CARRETERA NACIONAL URUAPAN PÁTZCUARO, SIN NÚMERO, COLONIA LOMAS DEL VALLE, CÓDIGO POSTAL 60110, URUAPAN, MICHOACÁN",PUERTA 2 DE LA CENTRAL DE AUTOBUSES DE URUAPAN,ENTRE CALLE FRONTÓN Y AVENIDA DEL CERRO,S10,Especial 10,16,-102.041965075,19.426795375,Michoacán de Ocampo
"CARRETERA ZAMORA MORELIA, KILÓMETRO 142, COLONIA LA CENTRAL, CÓDIGO POSTAL 59665, ZAMORA DE HIDALGO, MICHOACÁN",CENTRAL DE AUTOBUSES DE ZAMORA,FRENTE A LA OFICINA DE SEGURIDAD PÚBLICA,S11,Especial 11,16,-102.268182603,19.974296634,Michoacán de Ocampo
"GENERAL PUEBLITA NORTE NO 15B, COLONIA HÉROES FERROCARRILEROS, C P 61506, ZITÁCUARO, MICHOACÁN",CENTRAL DE AUTOBUSES DE ZITÁCUARO,FRENTE A BODEGA AURRERA,S12,Especial 12,16,-100.345181008,19.435587691,Michoacán de Ocampo
"ANTIGUA CARRETERA MÉXICO CUAUTLA, SIN NÚMERO, COLONIA MIGUEL HIDALGO, CÓDIGO POSTAL 62748, CUAUTLA, MORELOS",EN EL ESTACIONAMIENTO DE LA TIENDA MEGA SORIANA,AL INTERIOR DE LA PLAZA LOS ARCOS,S1,Especial 1,17,-98.938766644,18.846335313,Morelos
"CARRETERA FEDERAL CUERNAVACA TEPOZTLÁN, KILÓMETRO 1200, PUEBLO DE CHAMILPA, CÓDIGO POSTAL 62260, CUERNAVACA, MORELOS",SECRETARÍA DE COMUNICACIONES Y TRANSPORTES MORELOS,ESTACIONAMIENTO DE LA SECRETARÍA DE COMUNICACIONES Y TRANSPORTES,S2,Especial 2,17,-99.237725,18.967737,Morelos
"CARRETERA EMILIANO ZAPATA TEZOYUCA, KILÓMETRO 1, COLONIA CAMPO NUEVO, CÓDIGO POSTAL 62766, EMILIANO ZAPATA, MORELOS",MÓDULO DE ATENCIÓN CIUDADANA DEL INSTITUTO NACIONAL ELECTORAL,FRENTE AL COLEGIO ROSARIO CASTELLANOS,S3,Especial 3,17,-99.188090687,18.827038021,Morelos
"AVENIDA CONSTITUCIÓN DEL 57, SIN NÚMERO, ESQUINA CALLE GONZÁLEZ ORTEGA, COLONIA CENTRO, CÓDIGO POSTAL 62900, JOJUTLA, MORELOS",EN EL EXTERIOR DEL AUDITORIO MUNICIPAL JUAN ANTONIO TLAXCOAPAN,A UN COSTADO DE LA TIENDA CONASUPO,S4,Especial 4,17,-99.17942162,18.616093217,Morelos
"AVENIDA RÓMULO F HERNÁNDEZ, SIN NÚMERO, PUEBLO OAXTEPEC, CÓDIGO POSTAL 62738, YAUTEPEC, MORELOS",AFUERA DE LA TERMINAL DE AUTOBUSES OAXTEPEC,A UN COSTADO DEL PARQUE ACUÁTICO SIX FLAGS,S5,Especial 5,17,-98.980326801,18.901363729,Morelos
"CALLE ALFREDO V BONFIL, SIN NÚMERO, LOCALIDAD BUCERIAS, CÓDIGO POSTAL 63732, MUNICIPIO DE BAHÍA DE BANDERAS, NAYARIT",COMISARIADO EJIDAL,ENTRE CALLES AVENIDA MÉXICO Y AVENIDA HÉROES DE NACOZARI,S1,Especial 1,18,-105.339757202,20.756442439,Nayarit
"CALLE PRIMERA CORREGIDORA NTE, SIN NUMERO, COLONIA CENTRO, SANTIAGO IXCUINTLA, CODIGO POSTAL 63330, SANTIAGO IXCUINTLA, NAYARIT",CENTRAL CAMIONERA,ESQUINA 20 DE NOVIEMBRE,S2,Especial 2,18,-105.202747863,21.80878737,Nayarit
"AVENIDA INSURGENTES, NÚMERO 492, COLONIA MENCHACA, TEPIC,NAYARIT, CÓDIGO POSTAL 63157",ESTACIÓN CENTRAL DE AUTOBUSES DE TEPIC,ENTRE AVENIDA PREPARATORIA Y REPÚBLICA DE CHILE,S3,Especial 3,18,-104.886761,21.49839,Nayarit
"CARRETERA MONTERREY MIGUEL ALEMÁN, KILÓMETRO 24, CÓDIGO POSTAL 66600, APODACA, NUEVO LEÓN",ESTACIONAMIENTO DE LA TERMINAL A DEL AEROPUERTO INTERNACIONAL MONTERREY,A 3 KILÓMETROS DE LA CABECERA DISTRITAL CON DIRECCIÓN AL MUNICIPIO DE PESQUERÍA,S1,Especial 1,19,-100.114833,25.776861,Nuevo León
"CALLE FRANCISCO I MADERO, NÚMERO 201, COLONIA CENTRO, CÓDIGO POSTAL 66050, GENERAL ESCOBEDO, NUEVO LEÓN",TORRE ADMINISTRATIVA,ENTRE CALLE JUÁREZ Y CALLE HIDALGO,S2,Especial 2,19,-100.32370043,25.808548086,Nuevo León
"CARRETERA A REYNOSA, NÚMERO 2301,COLONIA 29 DE JULIO, CÓDIGO POSTAL 67205, GUADALUPE, NUEVO LEÓN",MÓDULO DE ATENCIÓN CIUDADANA DEL INSTITUTO NACIONAL ELECTORAL,PARQUE COMERCIAL  EL MOLINETE  LOCAL C9,S3,Especial 3,19,-100.149587541,25.663329262,Nuevo León
"AVENIDA SERAFÍN PEÑA, SIN NÚMERO, COLONIA GUADALUPE VICTORIA, CÓDIGO POSTAL 67180, GUADALUPE, NUEVO LEÓN",CONALEP PLANTEL LICENCIADO RAÚL RANGEL FRÍAS,ESQUINA CON AVENIDA PABLO LIVAS,S4,Especial 4,19,-100.213985877,25.66454411,Nuevo León
"CALLE PABLO SALCE, NÚMERO 521, COLONIA CENTRO, CÓDIGO POSTAL 67700, LINARES, NUEVO LEÓN",CENTRAL DE AUTOBUSES PROTASIO RODRÍGUEZ CUELLAR,FRENTE A PARQUE ADOLFO LÓPEZ MATEOS,S5,Especial 5,19,-99.57350682,24.863966756,Nuevo León
"AVENIDA COLÓN, SIN NÚMERO, COLONIA INDUSTRIAL, CÓDIGO POSTAL 64440, MONTERREY, NUEVO LEÓN",CENTRAL DE AUTOBUSES DE MONTERREY,ENTRE PINO SUÁREZ Y VILLAGRÁN,S6,Especial 6,19,-100.31978,25.686734,Nuevo León
"AVENIDA SOLIDARIDAD AZTLÁN, SIN NÚMERO, COLONIA INFONAVIT SAN BERNABÉ OCTAVO SECTOR, CÓDIGO POSTAL 64217, MONTERREY, NUEVO LEÓN",GIMNASIO RAÚL GONZÁLEZ,ENTRADA DEL PARQUE AZTLÁN ENTRE APOLO Y ESQUISTO,S7,Especial 7,19,-100.370441446,25.762186555,Nuevo León
"URANIO SIN NÚMERO, COLONIA VALLE DE INFONAVIT QUINTO SECTOR, CÓDIGO POSTAL 64350, MONTERREY, NUEVO LEÓN",PARQUE TUCÁN,ENTRE POLONIO Y PALADIO,S8,Especial 8,19,-100.384821,25.729642,Nuevo León
"AVENIDA ACAPULCO, NÚMERO 227, COLONIA LA FE, SAN NICOLAS DE LOS GARZA, CÓDIGO POSTAL 66477, SAN NICOLAS DE LOS GARZA, NUEVO LEÓN",INSTITUTO SUPERIOR DE COMPUTACIÓN,ENTRE CALLEJÓN PUERTO VERACRUZ Y PUERTO PROGRESO,S9,Especial 9,19,-100.212300124,25.723790704,Nuevo León
"HIDALGO Y ZARAGOZA, CENTRO, SANTA CATARINA, CÓDIGO POSTAL 66350, SANTA CATARINA, NUEVO LEÓN",PLAZA PRINCIPAL SANTA CATARINA,ENTRE MANUEL ORDOÑEZ Y JUÁREZ,S10,Especial 10,19,-100.461139,25.674495,Nuevo León
"AVENIDA ABRAHAM LINCOLN, SIN NÚMERO, FRACCIONAMIENTO CUMBRES DEL SOL, CÓDIGO POSTAL 64349, MONTERREY, NUEVO LEÓN",TERMINAL LINCOLN DE LA ECOVÍA,ENTRE AVENIDA CUMBRES DEL SOL Y CASTELLANA,S11,Especial 11,19,-100.421344858,25.770390177,Nuevo León
"CARRETERA A REYNOSA, NÚMERO 1000, COLONIA PASEO DEL PRADO, CÓDIGO POSTAL 67275, JUÁREZ, NUEVO LEÓN",PLAZA COMERCIAL PASEO JUÁREZ,POR LA ENTRADA A LA TIENDA DEL SOL,S12,Especial 12,19,-100.113301572,25.649554766,Nuevo León
"CARRETERA INTERNACIONAL, KILÓMETRO 25, SIN NÚMERO, AGENCIA VISTA HERMOSA, CÓDIGO POSTAL 69005, HEROICA CIUDAD DE HUAJUAPAN DE LEÓN, OAXACA",SALÓN DE USOS MÚLTIPLES DEL INSTITUTO MACEDONIO ALCALÁ,A 150 METROS DE LA AGENCÍA DE AUTOS NISSAN,S1,Especial 1,20,-97.75892281,17.799627208,Oaxaca
"CARRETERA PANAMERICANA, SIN NÚMERO, PRIMERA SECCIÓN, JUCHITÁN DE ZARAGOZA, CÓDIGO POSTAL 70000, HEROICA CIUDAD DE JUCHITÁN DE ZARAGOZA, OAXACA","TERMINAL DE AUTOBUSES, FLETES Y PASAJES",A UN COSTADO DE SORIANA,S2,Especial 2,20,-95.026065014,16.444819481,Oaxaca
"DERECHOS HUMANOS, NÚMERO 210, AMÉRICA SUR, CÓDIGO POSTAL 68050, OAXACA DE JUÁREZ, OAXACA",AUDITORIO DE LA DEFENSORÍA  DE LOS DERECHOS HUMANOS DEL PUEBLO DE OAXACA,ENTRE SEGUNDA PRIVADA DE BRASIL Y CALZADA NIÑOS HÉROES DE CHAPULTEPEC,S3,Especial 3,20,-96.712024,17.0694,Oaxaca
"BOULEVARD BENITO JUÁREZ, SIN NÚMERO, MARIA EUGENIA, SAN JUAN BAUTISTA TUXTEPEC, CÓDIGO POSTAL 68370, SAN JUAN BAUTISTA TUXTEPEC, OAXACA",CENTRO DE BACHILLERATO TECNOLÓGICO INDUSTRIAL Y DE SERVICIOS NÚMERO 107,FRENTE AL MONUMENTO A LA FLOR DE PIÑA,S4,Especial 4,20,-96.134533943,18.086459423,Oaxaca
"CALLE PRIMERA PONIENTE, SIN NÚMERO, SECTOR JUÁREZ, PUERTO ESCONDIDO, CÓDIGO POSTAL 71980, SAN PEDRO MIXTEPEC, OAXACA",PARQUE EL IDILIO,FRENTE A LA TIENDA DE HELADOS AMO GELATO,S5,Especial 5,20,-97.069138875,15.862823004,Oaxaca
"MANZANA 10, SECTOR H, LA CRUCECITA, CÓDIGO POSTAL 70980, SANTA MARÍA HUATULCO, OAXACA",A UN COSTADO DEL KIOSCO DE LA PLAZA PRINCIPAL,ENTRE LAS CALLES GUANACASTLE Y FLAMBOYÁN,S6,Especial 6,20,-96.138557,15.764997,Oaxaca
"CARRETERA A DÍAZ ORDAZ, SIN NÚMERO, SECCIÓN SÉPTIMA, TLACOLULA DE MATAMOROS, CÓDIGO POSTAL 70400, TLACOLULA DE MATAMOROS, OAXACA",MÓDULO DE POLICIA MUNICIPAL,ENTRE CALLE AYUNTAMIENTO Y CARRETERA INTERNACIONAL CRISTÓBAL COLÓN,S7,Especial 7,20,-96.476856176,16.962697281,Oaxaca
"DOMICILIO CONOCIDO, SIN NÚMERO, BARRIO SAN DIEGO, HEROICA CIUDAD DE TLAXIACO, CÓDIGO POSTAL 69800, OAXACA",ESCUELA SECUNDARIA TÉCNICA NUMERO 36,ATRÁS DE LAS ANTIGUAS INSTALACIONES DEL INSTITUTO MEXICANO DEL SEGURO SOCIAL,S8,Especial 8,20,-97.675068644,17.271753086,Oaxaca
"HIDALGO, SIN NÚMERO, CENTRO, VILLA DE ETLA, CÓDIGO POSTAL 68200, VILLA DE ETLA, OAXACA",CORREDOR DEL PALACIO MUNICIPAL,FRENTE AL MERCADO MUNICIPAL PORFIRIO DÍAZ,S9,Especial 9,20,-96.801006488,17.207454235,Oaxaca
"CARRETERA TRANSISTMICA KILOMETRO 185, COLONIA CENTRO, CÓDIGO POSTAL 70760, SANTO DOMINGO TEHUANTEPEC, OAXACA",CORREDOR DEL MODULO DE TURISMO,A UN COSTADO DEL ESTACIONAMIENTO PÚBLICO,S10,Especial 10,20,-95.233553116,16.331766469,Oaxaca
"CALLE REFORMA, SIN NÚMERO, BARRIO SAN RAFAEL, CÓDIGO POSTAL 74949, ACATLÁN, PUEBLA",A UN COSTADO DEL QUIOSCO,FRENTE A LA PRESIDENCIA MUNICIPAL,S1,Especial 1,21,-98.04886397,18.201549771,Puebla
"CARRETERA TEHUACÁN TEOTITLÁN, SIN NÚMERO, CÓDIGO POSTAL 75950, ALTEPEXI, PUEBLA",TEJADO DE DOMICILIO PARTICULAR,A PIE DE CARRETERA FRENTE A LOS ARCOS DE LA ENTRADA PRINCIPAL DE ALTEPEXI,S2,Especial 2,21,-97.295408471,18.37567944,Puebla
"AVENIDA NICOLÁS BRAVO, SIN NÚMERO, COLONIA CENTRO, CÓDIGO POSTAL 74200, ATLIXCO, PUEBLA",CENTRO DE CONVENCIONES,A DOS CUADRAS DEL ZÓCALO,S3,Especial 3,21,-98.432135664,18.908159163,Puebla
"AVENIDA DE LOS CEDROS, NÚMERO 1, CIUDAD SERDÁN, CÓDIGO POSTAL 75520, CHALCHICOMULA DE SESMA, PUEBLA",PORTAL JIMÉNEZ DE LAS CUEVAS,ENFRENTE AL PARQUE MUNICIPAL,S4,Especial 4,21,-97.447656253,18.98839768,Puebla
"CALLE MARÍA DEL SOCORRO ALFARO DE MORALES, NÚMERO 12, BARRIO SAN JUAN, CÓDIGO POSTAL 73170, HUAUCHINANGO, PUEBLA",BANQUETA DE LA TERMINAL CENTRAL DE AUTOBUSES HUAUCHINANGO,"A UN COSTADO DE LA ESCUELA NORMAL SUPERIOR PROFESOR FIDEL MEZA Y SÁNCHEZ, MANZANA 0003",S5,Especial 5,21,-98.052328,20.179085,Puebla
"BOULEVARD NORTE NÚMERO 4222, COLONIA LAS CUARTILLAS, PUEBLA, CÓDIGO POSTAL 72045 PUEBLA, PUEBLA",CENTRAL DE AUTOBUSES DE PASAJEROS DE LA CIUDAD DE PUEBLA MEZZANINE,ENTRE AVENIDA SAN BERNARDO Y CAMINO REAL A SAN FELIPE HUEYOTLIPAN,S6,Especial 6,21,-98.205349445,19.075056683,Puebla
"CALZADA IGNACIO ZARAGOZA, SIN NÚMERO, COLONIA ADOLFO LÓPEZ MATEOS, CÓDIGO POSTAL 72240, PUEBLA, PUEBLA",CENTRO DE CAPACITACIÓN PARA EL TRABAJO INDUSTRIAL NÚMERO 18,FRENTE A CENTRO COMERCIAL PLAZA LORETO,S7,Especial 7,21,-98.178828,19.065976,Puebla
"CALLE 10 SUR, NÚMERO 1501, ENTRADA POR BOULEVARD HÉROES DEL 5 DE MAYO, COLONIA EL ÁNGEL, CÓDIGO POSTAL 72500, PUEBLA, PUEBLA",CENTRO ESCOLAR NIÑOS HÉROES DE CHAPULTEPEC,ENTRE AVENIDA 11 ORIENTE Y AVENIDA 23 ORIENTE,S8,Especial 8,21,-98.196374744,19.035831571,Puebla
"PERIFÉRICO ECOLÓGICO, NÚMERO 4, ESQUINA AVENIDA 24 SUR, SAN FRANCISCO TOTIMEHUACÁN, CÓDIGO POSTAL 72595, PUEBLA, PUEBLA",INSTITUTO PROFESIONAL EN TERAPIAS Y HUMANIDADES,ENTRE AVENIDA 24 SUR Y CALLE DEL RISCO,S9,Especial 9,21,-98.197533552,18.970466659,Puebla
"AVENIDA LIBERTAD NORTE, NÚMERO 1, COLONIA CENTRO, CÓDIGO POSTAL 74000, SAN MARTÍN TEXMELUCAN, PUEBLA",COMPLEJO CULTURAL TEXMELUQUENSE,ENTRE CALLE AQUILES SERDÁN Y CALLE MUJICA Y OSORIO,S10,Especial 10,21,-98.437127176,19.283471386,Puebla
"CALLE 5 PONIENTE, NÚMERO 502, COLONIA CENTRO, CÓDIGO POSTAL 72760, SAN PEDRO CHOLULA, PUEBLA",CENTRO ESCOLAR PRESIDENTE LICENCIADO MIGUEL ALEMÁN,ENTRE CALLE 5 SUR Y CALLE 7 SUR,S11,Especial 11,21,-98.311479173,19.062092532,Puebla
"AVENIDA REFORMA NORTE, NÚMERO 210, COLONIA CENTRO, CÓDIGO POSTAL 75700, TEHUACÁN, PUEBLA",PATIO DE LAS COLUMNAS DEL COMPLEJO CULTURAL EL CARMEN,ENTRE CALLE 2 ORIENTE Y CALLE 4 ORIENTE,S12,Especial 12,21,-97.393916971,18.4661356,Puebla
"CALLE  MAXIMINO ÁVILA CAMACHO, SIN NÚMERO, COLONIA CENTRO, CÓDIGO POSTAL 75200, TEPEACA DE NEGRETE, PUEBLA",KIOSCO DE LA PLAZA PRINCIPAL,ENTRE CALLE COLÓN Y NEGRETE PONIENTE,S13,Especial 13,21,-97.904449,18.965674,Puebla
"CALLE ALLENDE, SIN NÚMERO, COLONIA CENTRO, CÓDIGO POSTAL 73800, TEZIUTLÁN, PUEBLA",PORTAL DEL PALACIO MUNICIPAL,ENTRE ALLENDE E HIDALGO,S14,Especial 14,21,-97.360837726,19.817913572,Puebla
"ANDADOR PORTAL HIDALGO O PLAZA DE LA CONSTITUCIÓN, SIN NÚMERO, COLONIA CENTRO, CÓDIGO POSTAL 73310, ZACATLÁN, PUEBLA",PORTAL DE LA PRESIDENCIA MUNICIPAL,FRENTE A LA PLAZA CÍVICA,S15,Especial 15,21,-97.960276019,19.932323718,Puebla
"BOULEVARD MANUEL GÓMEZ MORÍN, SIN NÚMERO, ESQUINA CALLE MELCHOR OCAMPO, COLONIA CENTRO, CADEREYTA DE MONTES, CÓDIGO POSTAL 76500, CADEREYTA DE MONTES, QUERÉTARO",CENTRAL DE AUTOBUSES,FRENTE AL MERCADO DE ARTESANÍAS,S1,Especial 1,22,-99.81307,20.700504,Querétaro
"AVENIDA CONSTITUYENTES, NÚMERO 1690, LOCAL 21, EL PUEBLITO, CÓDIGO POSTAL 76900, CORREGIDORA, QUERÉTARO",PLAZA ESTRELLA,ENTRE CALLEJÓN IGNACIO ALLENDE Y CALLEJÓN DE LOS MENDOZA,S2,Especial 2,22,-100.438092647,20.534356446,Querétaro
"AVENIDA FRAY LUIS DE LEÓN, SIN NÚMERO, COLONIA CENTRO SUR, SANTIAGO DE QUERÉTARO, CÓDIGO POSTAL 76090, QUERÉTARO, QUERÉTARO",COLEGIO EL ABETO,ENTRE BOULEVARD CENTRO SUR Y AVENIDA COLINAS DEL CIMATARIO,S3,Especial 3,22,-100.364374823,20.563263124,Querétaro
"CALLE EMILIANO ZAPATA, SIN NÚMERO, BUENAVISTA, CÓDIGO POSTAL 76225, QUERÉTARO, QUERÉTARO",ESCUELA SECUNDARIA GENERAL JOSÉ MARÍA MORELOS Y PAVÓN,ESQUINA CARRETERA A SAN MIGUEL DE ALLENDE,S4,Especial 4,22,-100.468227274,20.82622231,Querétaro
"AVENIDA PASEO CENTRAL, KILOMETRO 03, COLONIA BENITO JUÁREZ, SAN JUAN DEL RÍO, CÓDIGO POSTAL 76800, SAN JUAN DEL RÍO, QUERÉTARO",CENTRO DE BACHILLERATO TECNOLÓGICO INDUSTRIAL Y DE SERVICIOS NÚMERO 145,A 100 METROS DEL INSTITUTO MEXICANO DEL SEGURO SOCIAL,S5,Especial 5,22,-99.986558853,20.375526803,Querétaro
"AVENIDA JOSÉ LÓPEZ PORTILLO, MANZANA 8, LOTE 2, INTERIOR 3, NÚMERO 307, SUPERMANZANA 59, CANCÚN, CÓDIGO POSTAL 77515, BENITO JUÁREZ, QUINTANA ROO",PLAZA INMOBILIARIA CANCÚN KABA TAMBIÉN CONOCIDA COMO CENTRO COMERCIAL CANCÚN MAYA O EDIFICIO EMPRENDEDOR,ENTRE CALLE YAXCOPOIL Y AVENIDA RODRIGO GÓMEZ TAMBIÉN CONOCIDA COMO AVENIDA KABAH,S1,Especial 1,23,-86.852097819,21.161187358,Quintana Roo
"BOULEVARD KUKULKAN, KILOMETRO 0, ZONA HOTELERA, CANCÚN, CÓDIGO POSTAL 77500, BENITO JUÁREZ, QUINTANA ROO",ESPACIO PUBLICO KM 0,ENTRE CALLE EL MANGLE Y BOULEVARD KUKULKAN,S2,Especial 2,23,-86.82089567,21.156696127,Quintana Roo
"AVENIDA DE LOS INSURGENTES, NÚMERO 380, COLONIA 20 DE NOVIEMBRE, CHETUMAL, CÓDIGO POSTAL 77038, OTHÓN P BLANCO, QUINTANA ROO",GIMNASIO DE USOS MÚLTIPLES NOHOCH SUKUN,ENTRE CALLE VENECIA Y AVENIDA ANDRÉS QUINTANA ROO,S3,Especial 3,23,-88.30554,18.518529,Quintana Roo
"AVENIDA 20 NORTE , SIN NÚMERO , COLONIA GONZALO GUERRERO, PLAYA DEL CARMEN, CÓDIGO POSTAL 77720, SOLIDARIDAD, QUINTANA ROO",TERMINAL DE AUTOBÚS DEL ORIENTE,ENTRE CALLE 12 NORTE Y CALLE 12 NORTE BIS,S4,Especial 4,23,-87.074397,20.629541,Quintana Roo
"CALLE ELVIRA, SIN NÚMERO, FRACCIONAMIENTO SAN LUIS ORIENTE, CÓDIGO POSTAL 79097, CIUDAD VALLES, SAN LUIS POTOSÍ",CENTRAL DE AUTOBUSES FORÁNEOS,ENTRE EL HOTEL ESTANCIA REAL Y PIZAÑO,S1,Especial 1,24,-98.997298644,21.969265565,San Luis Potosí
"BOULEVARD HÉROES POTOSINOS SIN NÚMERO, COLONIA ALTAMIRA, MATEHUALA, CÓDIGO POSTAL 78797, MATEHUALA, SAN LUIS POTOSÍ",CENTRAL DE AUTOBUSES,FRENTE AL ARCO SUR,S2,Especial 2,24,-100.641170734,23.630159548,San Luis Potosí
"CARRETERA RIOVERDE SAN  CIRO DE ACOSTA, CÓDIGO POSTAL 79610, RIOVERDE, SAN LUIS POTOSI",CENTRAL CAMIONERA,ENTRE CALLE JAIME NUNO Y CARRETERA A SAN CIRO DE ACOSTA,S3,Especial 3,24,-99.995305507,21.920555685,San Luis Potosí
"GLORIETA BENITO JUÁREZ, SIN NÚMERO, COLONIA EL PASEO, SAN LUIS POTOSÍ, CÓDIGO POSTAL 78320, SAN LUIS POTOSÍ, SAN LUIS POTOSÍ",AUDITORIO DEL INSTITUTO POTOSINO DE LA JUVENTUD,A UNA CUADRA DEL DISTRIBUIDOR VIAL BENITO JUÁREZ,S4,Especial 4,24,-100.956858702,22.149249216,San Luis Potosí
"AVENIDA SALVADOR NAVA MARTÍNEZ, NÚMERO 3055, FRACCIONAMIENTO TANGAMANGA, SAN LUIS POTOSÍ, CÓDIGO POSTAL 78260, SAN LUIS POTOSÍ, SAN LUIS POTOSÍ",PARQUE TANGAMANGA I,TEATRO CARLOS AMADOR UBICADO EN AVENIDA LA TROJE,S5,Especial 5,24,-100.999041668,22.122945739,San Luis Potosí
"PORFIRIO DÍAZ MORI SIN NÚMERO, ZONA CENTRO, CÓDIGO POSTAL 79560, SANTA MARÍA DEL RÍO, SAN LUIS POTOSÍ",JARDÍN HIDALGO,ENTRE LAS CALLES DE MORELOS Y PASCUAL M HERNÁNDEZ,S6,Especial 6,24,-100.735777834,21.800382763,San Luis Potosí
"AVENIDA 20 DE NOVIEMBRE, NÚMERO 61, BARRIO SAN JUAN, CÓDIGO POSTAL 79960, TAMAZUNCHALE, SAN LUIS POTOSÍ",ESTACIONAMIENTO DEL HOTEL MIRADOR,A UN COSTADO DE TRANSPORTES SENDA,S7,Especial 7,24,-98.790473318,21.260923538,San Luis Potosí
"CALLE JOSÉ MARÍA MORELOS Y PAVÓN NÚMERO 351 PONIENTE, COLONIA CENTRO, LOS MOCHIS, AHOME, CÓDIGO POSTAL 81200",DOMICILIO PARTICULAR,ENTRE AVENIDA IGNACIO ZARAGOZA Y AVENIDA GABRIEL LEYVA SOLANO,S1,Especial 1,25,-108.99271615,25.79150124,Sinaloa
"CALLE RAFAEL BUELNA, NÚMERO 934, COLONIA LAS QUINTAS, CULIACÁN DE ROSALES, CÓDIGO POSTAL 80060, CULIACÁN, SINALOA",CENTRO CÍVICO CONSTITUCIÓN,ENTRE AVENIDA VICENTE GUERRERO Y AVENIDA PRESA VALSEQUILLO,S2,Especial 2,25,-107.384641683,24.812091179,Sinaloa
"BOULEVARD ALFONSO GENARO CALDERÓN, SIN NÚMERO, COLONIA PROYECTO URBANO TRES RÍOS, CÓDIGO POSTAL 80020, CULIACÁN SINALOA",CENTRAL DE AUTOBUSES CULIACÁN MILLENIUM,BOULEVARD MANUEL SARABIA Y ROLANDO ARJONA AMABILIS,S3,Especial 3,25,-107.432985,24.79813,Sinaloa
"JACARANDAS, SIN NÚMERO, DEL BOSQUE, 81040, GUASAVE, SINALOA",CENTRAL CAMIONERA REGIONAL,FRENTE A CLÍNICA DEL ISSSTE,S4,Especial 4,25,-108.47335,25.570837,Sinaloa
"AVENIDA CAMARÓN SABALO SIN NÚMERO, FRACCIONAMIENTO SÁBALO COUNTRY CLUB, CÓDIGO POSTAL 82100, MAZATLÁN, SINALOA",COMISIÓN NACIONAL DE ACUACULTURA Y PESCA,ESQUINA CON CALLE TIBURÓN,S5,Especial 5,25,-106.460044606,23.257148066,Sinaloa
"CARRETERA INTERNACIONAL AL NORTE, NÚMERO 208, FRACCIONAMIENTO JACARANDAS, CÓDIGO POSTAL 82157, MAZATLÁN, SINALOA",CENTRO COMERCIAL PLAZA EL MAR,ENTRE CALLE ANAXÁGORAS Y CALLE ROSAS,S6,Especial 6,25,-106.421609727,23.242124898,Sinaloa
"BOULEVARD FRANCISCO LABASTIDA OCHOA NÚMERO 257, COLONIA MAGISTERIO,LOCALIDAD GUAMÚCHIL, CÓDIGO POSTAL 81470, SALVADOR ALVARADO, SINALOA",LLANTAS ROYAL DE SINALOA,A UN COSTADO DE TAQUERÍA RAUL,S7,Especial 7,25,-108.071334958,25.450821529,Sinaloa
CARRETERA INTERNACIONAL KILÓMETRO 55 PARQUE INDUSTRIAL SAN RAMÓN CÓDIGO POSTAL 84094 NOGALES SONORA,EN ESCUELA SECUNDARIA TÉCNICA NÚMERO 3 ADOLFO LÓPEZ MATEOS,FRENTE A TIENDA ECONOMAX,S1,Especial 1,26,-110.942108347,31.278074047,Sonora
"BULEVAR IGNACIO SOTO ESQUINA CON AVENIDA AGUSTIN DE ANZA, COLONIA PITIC, HERMOSILLO, 83150, HERMOSILLO, SONORA",GASOLINERA EL FARO,DEBAJO DEL TEJABAN DE OFICINAS ADMINISTRATIVAS DE LA GASOLINERA EL FARO,S2,Especial 2,26,-110.93124,29.098444,Sonora
CARRETERA A BAHÍA DE KINO KM 95 COLONIA LA MANGA 83220,AEROPUERTO INTERNACIONAL IGNACIO PESQUEIRA,AEROPUERTO INTERNACIONAL IGNACIO PESQUEIRA,S3,Especial 3,26,-111.051856577,29.089833192,Sonora
"BOULEVARD LUIS DONALDO COLOSIO, SIN NÚMERO, COLONIA CUAUHTÉMOC, CÓDIGO POSTAL 83400, SAN LUIS RÍO COLORADO, SONORA",UNIDAD DEPORTIVA BENITO JUÁREZ,A COSTADO DE ESTADIO DE FÚTBOL MÉXICO 70,S4,Especial 4,26,-114.790370774,32.485519878,Sonora
"CAMPECHE  NÚMERO 910 SUR, ENTRE RODOLFO ELÍAS CALLES Y FLAVIO BÓRQUEZ, COLONIA SOCHILOA, CIUDAD OBREGÓN, SONORA, CÓDIGO POSTAL 85150",CENTRAL CAMIONERA,SALIDA DE CAMIONES AL VALLE,S5,Especial 5,26,-109.94673,27.481474,Sonora
"CALLE 14, AVENIDA 12 ESQUINA, COLONIA CENTRO, 85400, GUAYMAS, SONORA",TERMINAL DE AUTOBUSES ESTRELLA BLANCA,CONTRA ESQUINA DE LONCHERÍA LUCERITO,S6,Especial 6,26,-110.897922,27.921445,Sonora
"BOULEVARD NO REELECCIÓN, SIN NÚMERO, COLONIA REFORMA, 85233, NAVOJOA, SONORA",PLAZA PÚBLICA 5 DE MAYO,"ESQUINA BOULEVARD OBREGÓN, FRENTE AL PALACIO MUNICIPAL",S7,Especial 7,26,-109.446171,27.081335,Sonora
"CALLE DE LA CENTRAL, SIN NÚMERO, COLONIA PUEBLO NUEVO, CÓDIGO POSTAL 86500, HEROICA CÁRDENAS, TABASCO",CENTRAL CAMIONERA DE SEGUNDA CLASE,"ENTRE LAS CALLES CARLOS ALBERTO MADRAZO Y ADOLFO LÓPEZ MATEOS, A 10 METROS DEL ADO",S1,Especial 1,27,-93.384722,17.990259,Tabasco
"CALLE LINO MERINO, SIN NÚMERO, COLONIA CENTRO, CÓDIGO POSTAL 86000, CENTRO, TABASCO",DEPARTAMENTO DE PREPARATORIA ABIERTA Y EDUCACIÓN A DISTANCIA,ENFRENTE DE LA TERMINAL DE AUTOBUSES DE ORIENTE,S2,Especial 2,27,-92.921628,17.996111,Tabasco
"CALLE REFORMA, SIN NÚMERO, COLONIA CENTRO, CÓDIGO POSTAL 86300, COMALCALCO, TABASCO",CASA DE LA CULTURA,ESQUINA GREGORIO MENDEZ,S3,Especial 3,27,-93.222625264,18.263394053,Tabasco
"PLAZA DE LA CONSTITUCIÓN, SIN NÚMERO, COLONIA CENTRO, CÓDIGO POSTAL 86700, MACUSPANA, TABASCO",PARQUE CENTRAL LICENCIADO BENITO JUÁREZ,FRENTE AL PALACIO MUNICIPAL,S4,Especial 4,27,-92.594414,17.756686,Tabasco
"CALLE IGNACIO COMONFORT, SIN NÚMERO, COLONIA CENTRO, CÓDIGO POSTAL 86605, PARAÍSO, TABASCO",CORREDOR DEL PALACIO MUNICIPAL,FRENTE AL PARQUE MUNICIPAL ESQUINA CON CALLE MELCHOR OCAMPO,S5,Especial 5,27,-93.213962376,18.396067249,Tabasco
"AVENIDA PLAZA INDEPENDENCIA, SIN NÚMERO, COLONIA CENTRO, CÓDIGO POSTAL 86800, TEAPA, TABASCO",PARQUE CENTRAL,A UN COSTADO DEL CENTRO DE SALUD,S6,Especial 6,27,-92.953573,17.548094,Tabasco
"CALLE MIGUEL HIDALGO Y COSTILLA, NÚMERO 101, ZONA CENTRO, CÓDIGO POSTAL 89600, ALTAMIRA, TAMAULIPAS",ESCUELA PRIMARIA MÁRTIRES DE LA REVOLUCIÓN,ENTRE CALLE ALLENDE Y CALLE MELCHOR OCAMPO,S1,Especial 1,28,-97.936254142,22.396308665,Tamaulipas
"BOULEVARD MANUEL CAVAZOS LERMA, SIN NÚMERO, ENTRE PEDRO JOSÉ MÉNDEZ Y FELIPE CERVANTES, ZONA CENTRO, CÓDIGO POSTAL 89800, EL MANTE, TAMAULIPAS",CENTRAL DE AUTOBUSES TRANSPAÍS,A UNA CUADRA HOTEL MANTE,S2,Especial 2,28,-98.976623,22.742375,Tamaulipas
"AVENIDA PEDRO CÁRDENAS SUR, NÚMERO 500, COLONIA EXPOFIESTA NORTE, CÓDIGO POSTAL 87396, HEROICA MATAMOROS, TAMAULIPAS",CENTRO DE CONVENCIONES MUNDO NUEVO,ENTRE ZAFIRO Y MARTE R GÓMEZ,S3,Especial 3,28,-97.512772239,25.82790732,Tamaulipas
"AVENIDA REFORMA, NÚMERO 5601, COLONIA INFONAVIT FUNDADORES, CÓDIGO POSTAL 88275, NUEVO LAREDO, TAMAULIPAS",PLAZA PASEO REFORMA,ÁREA DE COMEDOR,S4,Especial 4,28,-99.518505344,27.445134496,Tamaulipas
"CALLE JOSÉ GUADALUPE LÓPEZ VELARDE, NÚMERO 100, COLONIA UNIDAD Y PROGRESO, CÓDIGO POSTAL 88589, REYNOSA, TAMAULIPAS",CENTRAL DE AUTOBUSES DE REYNOSA,ENTRE COLÓN Y EMILIO PORTES GIL,S5,Especial 5,28,-98.272114971,26.085398055,Tamaulipas
"CARRETERA A MATAMOROS, KILÓMETRO 25, COLONIA LA LAGUNA, CÓDIGO POSTAL 88760, REYNOSA, TAMAULIPAS",POLIDEPORTIVO DE REYNOSA,FRENTE AL ENTRONQUE CON EL LIBRAMIENTO MONTERREY,S6,Especial 6,28,-98.285852861,26.04278137,Tamaulipas
"CALLE FRANCISCO I MADERO, ENTRE CALLE MATAMOROS Y CALLE LUCIO BLANCO, ZONA CENTRO, CODIGO POSTAL 88900, RIO BRAVO, TAMAULIPAS",ESCUELA PRIMARIA LICENCIADO BENITO JUÁREZ,AUN COSTADO DE LA PLAZA BENITO JUÁREZ Y ENFRENTE DE COOPEL,S7,Especial 7,28,-98.098141552,25.987612166,Tamaulipas
"AVENIDA ROSALÍO BUSTAMANTE, NÚMERO 210, COLONIA ALLENDE, CÓDIGO POSTAL 89130, TAMPICO, TAMAULIPAS",CENTRAL DE AUTOBUSES DE TAMPICO,ENTRE AVENIDA EJÉRCITO MEXICANO Y CALLE ALLENDE,S8,Especial 8,28,-97.858225,22.249696,Tamaulipas
"CALLE FELIPE  BERRIOZÁBAL, NÚMERO 2304, ENTRE CALLE ARTÍCULO 123 Y BOULEVARD FIDEL VELÁZQUEZ, FRACCIONAMIENTO COMERCIAL 2000, CÓDIGO POSTAL 87090, VICTORIA, TAMAULIPAS",CENTRAL CAMIONERA DE CIUDAD VICTORIA SA DE CV,A 100 METROS DEL HOTEL BLANQUITA,S9,Especial 9,28,-99.131426,23.737225,Tamaulipas
"AVENIDA LIBERTAD, NÚMERO 1508, COLONIA JESÚS Y SAN JUAN, CÓDIGO POSTAL 90358, APIZACO, TLAXCALA",COLEGIO ANTÓN MAKARENKO DE APIZACO,ENTRE CALLE BARBERÁN Y COLLAR Y CALLE CENTENARIO,S1,Especial 1,29,-98.137158677,19.407483097,Tlaxcala
"CALLE HIDALGO, NÚMERO 32, COLONIA CENTRO, CÓDIGO POSTAL 90000, TLAXCALA, TLAXCALA",CENTRO DE CAPACITACIÓN TECNOLÓGICO E INDUSTRIAL NÚMERO 82,A UN COSTADO DE LA ESCUELA  SOR JUANA INÉS DE LA CRUZ,S2,Especial 2,29,-98.243482384,19.317782817,Tlaxcala
"CALLE INDEPENDENCIA, NÚMERO 1, COLONIA CENTRO, CÓDIGO POSTAL 90740, ZACATELCO, TLAXCALA",PORTAL DE LA PRESIDENCIA MUNICIPAL,FRENTE A LA PLAZA PRINCIPAL,S3,Especial 3,29,-98.239772917,19.216057892,Tlaxcala
"CARRETERA NACIONAL TUXPAN A TAMPICO, SIN NÚMERO, ZONA CENTRO, CÓDIGO POSTAL 92370, NARANJOS AMATLÁN, VERACRUZ",SUPERVISIÓN ESCOLAR SINDICATO NACIONAL DE TRABAJADORES DE LA EDUCACIÓN,FRENTE AL PARQUE DE LA COLONIA LAS MARGARITAS,S1,Especial 1,30,-97.682192631,21.344817977,Veracruz de Ignacio de la Llave
"CALLE JOSÉ CARDEL NORTE, NÚMERO 1, COLONIA CENTRO, LOCALIDAD JOSÉ CARDEL, CÓDIGO POSTAL 91680, LA ANTIGUA, VERACRUZ",CORREDOR PALACIO MUNICIPAL,"ENTRE CALLES VENUSTIANO CARRANZA PONIENTE Y EMILIANO ZAPATA PONIENTE, FRENTE AL PARQUE JOSÉ CARDEL MURRIETA",S2,Especial 2,30,-96.377515197,19.370891331,Veracruz de Ignacio de la Llave
"CALLE ANTONIO MATIAS REBOLLEDO SIN NUMERO, COLONIA CENTRO, CODIGO POSTAL 91500",PARQUE MIGUEL HIDALGO,ENTRE CALLE LUIS DE SAN JOSE Y CALLE MIGUEL LERDO,S3,Especial 3,30,-96.959919315,19.454458217,Veracruz de Ignacio de la Llave
"AVENIDA JUAN OSORIO LÓPEZ, SIN NÚMERO, COLONIA NUEVA OBRERA, CÓDIGO POSTAL 96598, COATZACOALCOS, VERACRUZ",CENTRAL DE AUTOBUSES DEL ORIENTE ADO,ENTRE CARRETERA TRANSÍSTMICA Y CALLE DEL CANAL,S4,Especial 4,30,-94.445311,18.120737,Veracruz de Ignacio de la Llave
"AVENIDA 3, NÚMERO 112, COLONIA CENTRO, LOCALIDAD CÓRDOBA, CÓDIGO POSTAL 94500, CÓRDOBA, VERACRUZ",PORTAL DEL EDIFICIO CENTRO CULTURAL,"ENTRE CALLES 1 Y 3, FRENTE AL PARQUE 21 DE MAYO",S5,Especial 5,30,-96.93509452,18.893524059,Veracruz de Ignacio de la Llave
"CALLE ADOLFO RUÍZ CORTINES, SIN NÚMERO, COLONIA CENTRO, LOCALIDAD COSAMALOAPAN, CÓDIGO POSTAL 95400, COSAMALOAPAN, VERACRUZ",PÉRGOLA DEL PARQUE MUNICIPAL,ENTRE AVENIDA VENUSTIANO CARRANZA Y AVENIDA JOSÉ MARÍA MORELOS,S6,Especial 6,30,-95.796133055,18.364980628,Veracruz de Ignacio de la Llave
"CALLE JESÚS REYES HEROLES, SIN NÚMERO, BARRIO PRIMERO, CÓDIGO POSTAL 96350, COSOLEACAQUE, VERACRUZ","COLEGIO DE BACHILLERES DEL ESTADO DE VERACRUZ, PLANTEL NÚMERO 8",ENTRE CERRADA SIN NOMBRE Y CALLE PÍPILA,S7,Especial 7,30,-94.635131863,17.990594942,Veracruz de Ignacio de la Llave
"CALLE 12 SUR, SIN NÚMERO, COLONIA CENTRO, CÓDIGO POSTAL 94100",TERMINAL DE AUTOBUSES HUATUSCO,JUNTO A LA ESCUELA SECUNDARIA DOCTOR DARÍO MÉNDEZ LIMA,S8,Especial 8,30,-96.971840558,19.150456211,Veracruz de Ignacio de la Llave
"AVENIDA 20 DE NOVIEMBRE ORIENTE, NÚMERO 571, COLONIA ALVARO OBREGON, CODIGO POSTAL 91066",CENTRAL DE AUTOBUSES DE XALAPA  CAXA,ENTRE LA CABEZA OLMECA Y LA TAQUILLA DE AU,S9,Especial 9,30,-96.903801,19.525546,Veracruz de Ignacio de la Llave
"AVENIDA PEDRO BELLI, SIN NÚMERO, ZONA CENTRO, CÓDIGO POSTAL 93600",PARQUE JOSÉ MARÍA MATA,ENTRE CALLES MIGUEL HIDALGO Y JOSÉ MARÍA MORELOS Y PAVÓN,S10,Especial 10,30,-97.054601312,20.061600162,Veracruz de Ignacio de la Llave
"CALLE AVENIDA JUSTO SIERRA, NÚMERO 216, COLONIA NUEVA MINA, CÓDIGO POSTAL 96760, MINATITLÁN, VERACRUZ",ELÉCTRICA Y PLOMERÍA SILVA,ENTRE CALLE ATENAS Y CALLE MADRID,S11,Especial 11,30,-94.56909479,17.990965867,Veracruz de Ignacio de la Llave
"CALLE NORTE 7, SIN NÚMERO, COLONIA CENTRO, CÓDIGO POSTAL 94300, ORIZABA, VERACRUZ",CORREDOR ARTESANAL,ENTRE AVENIDA PONIENTE 8 Y 10,S12,Especial 12,30,-97.110507987,18.851152238,Veracruz de Ignacio de la Llave
"CALLE REFORMA NÚMERO 100,  COLONIA CENTRO, CÓDIGO POSTAL 93400, PAPANTLA",PORTAL DEL PALACIO MUNICIPAL,FRENTE AL PARQUE ISRAEL C TÉLLEZ,S13,Especial 13,30,-97.322682738,20.446833354,Veracruz de Ignacio de la Llave
"AVENIDA PUEBLA, SIN NÚMERO, COLONIA PALMA SOLA, CÓDIGO POSTAL 93320",CENTRAL DE AUTOBUSES DE POZA RICA SA DE CV,ESQUINA CALLE PÁNUCO,S14,Especial 14,30,-97.46940452,20.542185485,Veracruz de Ignacio de la Llave
"CARRETERA FEDERAL, SIN NÚMERO, COLONIA 3 DE MAYO, CÓDIGO POSTAL 95700","UNIVERSIDAD DEL GOLFO DE MÉXICO, CAMPUS SAN ANDRÉS TUXTLA","SALIDA DE LA CIUDAD, RUMBO A SANTIAGO TUXTLA",S15,Especial 15,30,-95.231165857,18.44756558,Veracruz de Ignacio de la Llave
"CALLE 5 DE MAYO ESQUINA CON IGUALDAD, ZONA CENTRO, CÓDIGO POSTAL 92101, TANTOYUCA, VERACRUZ",PÓRTICO DE LA PRESIDENCIA MUNICIPAL,FRENTE AL PARQUE CONSTITUCIÓN,S16,Especial 16,30,-98.225646405,21.351348412,Veracruz de Ignacio de la Llave
"AVENIDA BENITO JUÁREZ, SIN NÚMERO, ZONA CENTRO, CÓDIGO POSTAL 92800",BAJOS DE LA BIBLIOTECA MUNICIPAL ÁNGEL SAQUI DEL ÁNGEL,FRENTE AL PARQUE REFORMA,S17,Especial 17,30,-97.407064,20.953565,Veracruz de Ignacio de la Llave
"BOULEVARD DOCTOR RAFAEL CUERVO X, NÚMERO 551, COLONIA PLAYA LINDA, CÓDIGO POSTAL 91810",SERVICIO COMERCIAL GARIS,ENTRE CALLE PLAYA COSTA AZUL Y CALLE PLAYA DEL REY,S18,Especial 18,30,-96.175882816,19.215895795,Veracruz de Ignacio de la Llave
"AVENIDA IGNACIO ZARAGOZA, SIN NÚMERO, COLONIA CENTRO, CÓDIGO POSTAL 91700",BAJOS DE EDIFICIO TRIGUEROS,ENTRE CALLE MANUEL GUTIÉRREZ ZAMORA Y CALLE MARIO MOLINA,S19,Especial 19,30,-96.137643424,19.200359588,Veracruz de Ignacio de la Llave
"AVENIDA IGNACIO ZARAGOZA, NÚMERO 2, MANZANA 21, COLONIA CENTRO, CÓDIGO POSTAL 95000",BAJOS DEL PALACIO MUNICIPAL,FRENTE AL PARQUE MUNICIPAL JUAN MOCTEZUMA Y CORTÉS,S20,Especial 20,30,-96.998307102,18.666580515,Veracruz de Ignacio de la Llave
"CALLE 20, NÚMERO 284, POR 3 C Y 49 DIAGONAL, XCUMPICH, CÓDIGO POSTAL 97119, MÉRIDA, YUCATÁN",SECRETARÍA DE SEGURIDAD PÚBLICA CENTRO DE SERVICIOS DE YUCATÁN,A ESPALDAS DEL CENTRO DE CONVENCIONES SIGLO XXI,S1,Especial 1,31,-89.6327278,21.037382972,Yucatán
"AVENIDA ITZÁES NÚMERO 525 ENTRE 71 Y 73, COLONIA CENTRO, MÉRIDA, CÓDIGO POSTAL 97000, MÉRIDA, YUCATÁN",UNIÓN GANADERA REGIONAL GENERAL DE YUCATÁN,A UN COSTADO DE BICIMOTOS,S2,Especial 2,31,-89.641632747,20.961642417,Yucatán
"CALLE 22, SIN NÚMERO POR 19 Y 21, CHELEM PUERTO, CÓDIGO POSTAL 97322,  PROGRESO, YUCATÁN",ESCUELA SECUNDARIA VENUSTIANO CARRANZA,A UN LADO DE LA COMISARÍA MUNICIPAL,S3,Especial 3,31,-89.742711777,21.268519793,Yucatán
"CALLE 25 ENTRE 30 Y 32 NÚMERO 222 B, COLONIA CENTRO, CÓDIGO POSTAL 97860,TICUL,YUCATÁN",ESCUELA PRIMARIA VENUSTIANO CARRANZA,20 METROS DE LA REFACCIONARIA CEJÍN,S4,Especial 4,31,-89.539165031,20.395516786,Yucatán
"CALLE 15, SIN NÚMERO, PISTÉ, CÓDIGO POSTAL 97750, TINUM, YUCATÁN",COLEGIO DE BACHILLERES DEL ESTADO DE YUCATÁN PLANTEL PISTÉ,CERCA DEL HOTEL PIRÁMIDE INN RESORT,S5,Especial 5,31,-88.581873241,20.693077743,Yucatán
"CALLE DURANGO, NÚMERO 402, COLONIA CENTRO, CÓDIGO POSTAL 99000, FRESNILLO, ZACATECAS",INTERIOR DE LA CENTRAL DE AUTOBUSES,ENTRE CALLE ÉBANO Y PASEO DEL MINERAL,S1,Especial 1,32,-102.859379,23.173519,Zacatecas
"CALZADA REVOLUCIÓN MEXICANA SIN NÚMERO, COLONIA LA FE, CÓDIGO POSTAL 98615, GUADALUPE, ZACATECAS",CENTRO DE CAPACITACIÓN PARA EL TRABAJO INDUSTRIAL NÚMERO 130,"ENTRONQUE A SAUCEDA DE LA BORDA COLONIA LA FE, A UN COSTADO DE LA GASOLINERÍA",S2,Especial 2,32,-102.509095832,22.756358478,Zacatecas
"CALLE PUEBLA ESQUINA CALLE CENTRAL, SIN NÚMERO, COLONIA GUADALUPE, CÓDIGO POSTAL 99301, JEREZ, ZACATECAS",ESCUELA PRIMARIA FRANCISCO GOITIA,ENTRE CALLE DEL ROSARIO Y CALLE CENTRAL,S3,Especial 3,32,-102.985023134,22.65423736,Zacatecas
"LIBRAMIENTO TRÁNSITO PESADO, SIN NÚMERO, COLONIA TECNOLÓGICA, CÓDIGO POSTAL 98099, ZACATECAS, ZACATECAS",CENTRAL DE AUTOBUSES DE ZACATECAS ROBERTO DÍAZ HERRERA,UBICADA DENTRO DE LA CENTRAL DE AUTOBUSES,S4,Especial 4,32,-102.576202106,22.755022824,Zacatecas
